"Data","Último","Abertura","Máxima","Mínima","Vol.","Var%"
"28.02.2021","8,01","8,01","8,01","8,01","-","0,00%"
"26.02.2021","8,01","8,19","9,01","7,63","137,03M","-3,38%"
"25.02.2021","8,29","10,89","11,00","7,85","436,68M","-8,80%"
"24.02.2021","9,09","7,23","9,83","6,99","376,88M","18,05%"
"23.02.2021","7,70","6,97","7,86","6,01","261,76M","17,56%"
"22.02.2021","6,55","5,93","6,68","5,75","151,20M","14,91%"
"19.02.2021","5,70","5,54","5,77","5,51","40,25M","3,45%"
"18.02.2021","5,51","5,80","6,23","5,46","130,54M","-0,72%"
"17.02.2021","5,55","5,58","5,62","5,32","38,21M","-1,77%"
"16.02.2021","5,65","6,03","6,05","5,49","60,01M","1,07%"
"12.02.2021","5,59","5,72","5,97","5,52","46,77M","-0,36%"
"11.02.2021","5,61","5,62","5,85","5,47","54,92M","-3,28%"
"10.02.2021","5,80","5,71","6,59","5,45","150,10M","5,45%"
"09.02.2021","5,50","5,81","5,81","5,26","97,58M","-11,00%"
"08.02.2021","6,18","6,88","6,89","5,75","127,12M","-9,52%"
"05.02.2021","6,83","7,17","8,27","6,52","197,10M","-3,67%"
"04.02.2021","7,09","8,71","8,71","7,00","162,99M","-20,96%"
"03.02.2021","8,97","8,87","9,75","7,89","221,41M","14,71%"
"02.02.2021","7,82","9,41","10,01","6,08","462,78M","-41,20%"
"01.02.2021","13,30","17,14","17,14","12,94","434,61M","0,30%"
"29.01.2021","13,26","14,31","16,00","11,60","602,19M","53,65%"
"28.01.2021","8,63","12,03","16,35","6,52","591,22M","-56,63%"
"27.01.2021","19,90","20,31","20,32","11,01","1,25B","301,21%"
"26.01.2021","4,96","5,05","5,17","4,38","456,85M","12,22%"
"25.01.2021","4,42","4,71","4,88","3,87","443,24M","25,93%"
"24.01.2021","3,51","3,51","3,51","3,51","-","0,00%"
"22.01.2021","3,51","2,91","3,74","2,81","268,27M","17,79%"
"21.01.2021","2,98","2,99","3,06","2,86","64,82M","0,34%"
"20.01.2021","2,97","3,29","3,34","2,75","179,56M","-2,94%"
"19.01.2021","3,06","2,80","3,20","2,57","248,88M","31,33%"
"15.01.2021","2,33","2,20","2,55","2,18","162,36M","6,88%"
"14.01.2021","2,18","2,22","2,32","2,13","48,90M","0,00%"
"13.01.2021","2,18","2,33","2,38","2,13","45,85M","-4,80%"
"12.01.2021","2,29","2,24","2,39","2,23","41,30M","4,09%"
"11.01.2021","2,20","2,16","2,27","2,15","41,42M","2,80%"
"10.01.2021","2,14","2,14","2,14","2,14","-","0,00%"
"09.01.2021","2,14","2,14","2,14","2,14","-","0,00%"
"08.01.2021","2,14","2,09","2,21","2,08","39,55M","4,39%"
"07.01.2021","2,05","2,08","2,11","2,02","25,69M","1,99%"
"06.01.2021","2,01","2,01","2,19","1,97","67,36M","1,52%"
"05.01.2021","1,98","1,99","2,03","1,91","27,33M","-1,49%"
"04.01.2021","2,01","2,18","2,18","2,00","29,87M","-5,19%"
"31.12.2020","2,12","2,17","2,22","2,08","28,23M","-1,85%"
"30.12.2020","2,16","2,30","2,30","2,13","39,81M","-5,68%"
"29.12.2020","2,29","2,44","2,46","2,28","20,68M","-4,18%"
"28.12.2020","2,39","2,63","2,63","2,36","23,29M","-4,78%"
"24.12.2020","2,51","2,59","2,60","2,48","11,09M","-1,95%"
"23.12.2020","2,56","2,58","2,65","2,54","15,72M","-1,16%"
"22.12.2020","2,59","2,72","2,72","2,52","21,69M","-3,36%"
"21.12.2020","2,68","2,60","2,74","2,60","22,70M","-4,29%"
"18.12.2020","2,80","2,85","2,85","2,76","21,94M","-1,75%"
"17.12.2020","2,85","2,80","2,95","2,74","23,80M","2,52%"
"16.12.2020","2,78","2,86","2,88","2,72","25,42M","-2,80%"
"15.12.2020","2,86","3,23","3,23","2,76","54,43M","-10,34%"
"14.12.2020","3,19","4,01","4,01","3,00","66,65M","-18,62%"
"11.12.2020","3,92","4,04","4,25","3,87","22,31M","-4,16%"
"10.12.2020","4,09","3,79","4,10","3,77","17,97M","5,96%"
"09.12.2020","3,86","4,22","4,33","3,75","20,73M","-3,02%"
"08.12.2020","3,98","3,61","4,02","3,61","29,27M","11,80%"
"07.12.2020","3,56","3,45","3,74","3,33","20,23M","1,42%"
"04.12.2020","3,51","3,75","3,76","3,30","33,16M","-3,31%"
"03.12.2020","3,63","4,01","4,22","3,50","65,23M","-15,97%"
"02.12.2020","4,32","4,08","4,34","3,95","11,70M","4,10%"
"01.12.2020","4,15","4,42","4,42","4,09","12,29M","-2,81%"
"30.11.2020","4,27","4,41","4,45","3,99","16,45M","-4,04%"
"27.11.2020","4,45","4,54","4,62","4,36","10,10M","-0,89%"
"25.11.2020","4,49","4,57","4,85","4,20","22,65M","-1,97%"
"24.11.2020","4,58","4,16","5,00","4,15","62,19M","20,21%"
"23.11.2020","3,81","3,50","3,85","3,42","31,51M","13,73%"
"22.11.2020","3,35","3,35","3,35","3,35","-","0,00%"
"20.11.2020","3,35","3,25","3,37","3,21","17,09M","5,02%"
"19.11.2020","3,19","3,16","3,38","3,15","13,76M","-2,15%"
"18.11.2020","3,26","3,09","3,36","3,02","31,72M","9,40%"
"17.11.2020","2,98","3,01","3,04","2,90","22,27M","-4,18%"
"16.11.2020","3,11","3,39","3,39","3,05","47,60M","4,71%"
"15.11.2020","2,97","2,97","2,97","2,97","-","0,00%"
"14.11.2020","2,97","2,97","2,97","2,97","-","0,00%"
"13.11.2020","2,97","2,98","2,99","2,78","20,55M","1,02%"
"12.11.2020","2,94","3,07","3,07","2,92","14,63M","-6,07%"
"11.11.2020","3,13","3,23","3,24","3,00","23,87M","-10,83%"
"10.11.2020","3,51","3,99","4,03","3,34","41,69M","-6,90%"
"09.11.2020","3,77","4,29","4,39","3,24","132,51M","51,41%"
"06.11.2020","2,49","2,43","2,62","2,33","9,05M","1,22%"
"05.11.2020","2,46","2,35","2,57","2,27","7,99M","6,49%"
"04.11.2020","2,31","2,42","2,42","2,25","7,61M","-1,28%"
"03.11.2020","2,34","2,38","2,58","2,30","15,44M","8,84%"
"02.11.2020","2,15","2,30","2,32","2,11","11,18M","-8,90%"
"30.10.2020","2,36","2,48","2,49","2,28","11,01M","-6,35%"
"29.10.2020","2,52","2,65","2,65","2,48","9,02M","-3,45%"
"28.10.2020","2,61","2,68","2,74","2,58","8,14M","-6,45%"
"27.10.2020","2,79","2,88","2,90","2,61","11,18M","1,45%"
"26.10.2020","2,75","2,92","2,93","2,68","10,37M","-7,41%"
"23.10.2020","2,97","3,13","3,15","2,95","6,63M","-4,81%"
"22.10.2020","3,12","2,96","3,15","2,84","12,15M","4,00%"
"21.10.2020","3,00","3,10","3,12","2,98","7,28M","-2,91%"
"20.10.2020","3,09","3,30","3,31","3,05","15,90M","-12,71%"
"19.10.2020","3,54","3,31","3,88","3,23","40,23M","16,45%"
"16.10.2020","3,04","2,87","3,29","2,80","18,57M","9,35%"
"15.10.2020","2,78","2,86","2,96","2,76","9,81M","-6,08%"
"14.10.2020","2,96","3,10","3,20","2,66","31,76M","-16,38%"
"13.10.2020","3,54","3,90","3,90","3,52","10,16M","-13,24%"
"12.10.2020","4,08","4,03","4,09","4,00","3,19M","0,74%"
"09.10.2020","4,05","4,17","4,18","4,04","5,02M","-2,17%"
"08.10.2020","4,14","4,14","4,18","4,03","7,87M","2,48%"
"07.10.2020","4,04","4,08","4,11","3,94","6,87M","-0,49%"
"06.10.2020","4,06","4,26","4,27","4,05","8,40M","-1,69%"
"05.10.2020","4,13","4,31","4,34","4,05","9,47M","-11,18%"
"02.10.2020","4,65","4,48","4,66","4,42","3,58M","0,00%"
"01.10.2020","4,65","4,77","4,77","4,63","3,22M","-1,27%"
"30.09.2020","4,71","4,80","4,95","4,70","2,37M","-3,09%"
"29.09.2020","4,86","4,88","4,94","4,75","2,51M","-1,02%"
"28.09.2020","4,91","5,04","5,04","4,61","4,66M","0,61%"
"25.09.2020","4,88","4,64","4,93","4,50","2,38M","5,86%"
"24.09.2020","4,61","4,69","4,90","4,36","4,52M","-3,56%"
"23.09.2020","4,78","5,22","5,29","4,74","4,26M","-8,25%"
"22.09.2020","5,21","5,22","5,32","5,14","2,01M","-2,07%"
"21.09.2020","5,32","5,42","5,48","5,01","4,54M","-6,17%"
"18.09.2020","5,67","5,71","5,74","5,57","2,43M","-0,87%"
"17.09.2020","5,72","5,67","5,79","5,58","2,61M","-0,69%"
"16.09.2020","5,76","5,58","5,87","5,42","4,39M","4,35%"
"15.09.2020","5,52","5,62","5,87","5,52","5,10M","-0,36%"
"14.09.2020","5,54","5,83","5,83","5,51","4,64M","-4,32%"
"11.09.2020","5,79","6,06","6,07","5,60","4,86M","-2,53%"
"10.09.2020","5,94","6,31","6,36","5,88","5,88M","-5,11%"
"09.09.2020","6,26","6,44","6,50","6,12","5,58M","-2,49%"
"08.09.2020","6,42","6,76","6,95","6,37","6,62M","-8,55%"
"04.09.2020","7,02","6,76","7,02","6,23","9,33M","6,36%"
"03.09.2020","6,60","6,94","7,12","6,49","10,63M","-6,25%"
"02.09.2020","7,04","7,04","7,70","6,46","43,06M","15,98%"
"01.09.2020","6,07","5,85","6,17","5,85","9,71M","3,23%"
"31.08.2020","5,88","6,33","6,44","5,77","9,82M","-6,67%"
"28.08.2020","6,30","6,49","6,54","6,11","9,90M","-3,37%"
"27.08.2020","6,52","5,81","7,10","5,70","31,77M","16,43%"
"26.08.2020","5,60","5,45","5,66","5,34","4,42M","1,08%"
"25.08.2020","5,54","5,43","5,58","5,22","5,30M","2,40%"
"24.08.2020","5,41","5,32","5,45","4,94","8,50M","4,24%"
"21.08.2020","5,19","5,68","5,68","5,18","8,22M","-8,79%"
"20.08.2020","5,69","5,57","5,78","5,30","13,59M","5,57%"
"19.08.2020","5,39","5,35","5,47","5,18","5,73M","0,75%"
"18.08.2020","5,35","5,54","5,54","5,14","5,79M","-4,46%"
"17.08.2020","5,60","5,65","5,84","5,43","7,16M","1,08%"
"14.08.2020","5,54","5,56","5,63","5,05","12,06M","4,33%"
"13.08.2020","5,31","5,06","5,77","4,85","23,26M","14,44%"
"12.08.2020","4,64","4,62","4,76","4,56","2,43M","1,75%"
"11.08.2020","4,56","4,71","4,84","4,54","5,79M","2,01%"
"10.08.2020","4,47","4,65","4,74","4,35","5,01M","-5,89%"
"07.08.2020","4,75","4,14","5,26","4,09","24,92M","14,73%"
"06.08.2020","4,14","4,14","4,22","4,00","3,74M","-0,24%"
"05.08.2020","4,15","4,09","4,17","4,07","1,70M","1,22%"
"04.08.2020","4,10","4,10","4,24","4,08","3,27M","-0,24%"
"03.08.2020","4,11","4,04","4,19","3,86","4,05M","1,73%"
"31.07.2020","4,04","4,08","4,15","3,95","2,59M","-1,94%"
"30.07.2020","4,12","4,12","4,34","4,06","3,67M","-0,96%"
"29.07.2020","4,16","4,07","4,20","3,95","5,49M","0,24%"
"28.07.2020","4,15","3,86","4,25","3,86","6,23M","7,24%"
"27.07.2020","3,87","4,01","4,01","3,82","2,98M","-3,25%"
"24.07.2020","4,00","4,00","4,18","3,96","3,28M","-1,48%"
"23.07.2020","4,06","4,09","4,17","4,01","3,61M","0,74%"
"22.07.2020","4,03","4,10","4,17","4,00","2,77M","-2,89%"
"21.07.2020","4,15","4,17","4,22","4,08","1,93M","0,00%"
"20.07.2020","4,15","4,21","4,23","4,07","2,39M","-2,81%"
"17.07.2020","4,27","4,36","4,37","4,20","2,11M","-2,51%"
"16.07.2020","4,38","4,34","4,48","4,32","2,00M","-2,67%"
"15.07.2020","4,50","4,37","4,58","4,22","4,77M","6,64%"
"14.07.2020","4,22","4,27","4,27","4,11","3,29M","-0,94%"
"13.07.2020","4,26","4,72","4,80","4,25","4,46M","-7,39%"
"10.07.2020","4,60","4,39","4,60","4,38","3,31M","0,66%"
"09.07.2020","4,57","4,45","4,59","4,19","4,23M","3,16%"
"08.07.2020","4,43","4,51","4,51","4,20","5,59M","7,26%"
"07.07.2020","4,13","4,18","4,29","4,08","2,67M","-3,50%"
"06.07.2020","4,28","4,62","4,63","4,13","5,49M","-5,52%"
"02.07.2020","4,53","4,69","4,69","4,47","3,91M","-0,88%"
"01.07.2020","4,57","4,26","4,60","4,26","4,91M","6,53%"
"30.06.2020","4,29","4,34","4,36","4,21","3,60M","-2,94%"
"29.06.2020","4,42","3,91","4,44","3,75","9,32M","5,74%"
"26.06.2020","4,18","4,26","4,69","4,15","5,60M","-2,11%"
"25.06.2020","4,27","4,57","4,57","4,18","8,25M","-10,86%"
"24.06.2020","4,79","4,99","5,12","4,51","8,06M","-6,08%"
"23.06.2020","5,10","5,37","5,40","5,04","5,68M","-4,32%"
"22.06.2020","5,33","5,48","5,48","5,21","4,39M","-3,44%"
"19.06.2020","5,52","6,20","6,25","5,46","13,14M","-1,95%"
"18.06.2020","5,63","5,40","5,70","5,35","5,62M","3,87%"
"17.06.2020","5,42","5,41","5,63","5,31","2,99M","-2,52%"
"16.06.2020","5,56","6,02","6,06","5,50","5,83M","-4,14%"
"15.06.2020","5,80","5,42","5,93","5,30","5,54M","-1,53%"
"12.06.2020","5,89","5,69","5,93","5,22","7,35M","13,93%"
"11.06.2020","5,17","5,40","5,64","5,00","9,18M","-17,81%"
"10.06.2020","6,29","7,30","7,35","6,28","15,25M","5,01%"
"09.06.2020","5,99","6,07","6,18","5,56","7,39M","-7,13%"
"08.06.2020","6,45","6,28","6,83","6,19","8,59M","9,14%"
"05.06.2020","5,91","5,79","6,14","5,66","9,24M","9,85%"
"04.06.2020","5,38","5,01","5,40","5,00","8,57M","-1,28%"
"03.06.2020","5,45","5,27","5,99","5,09","15,35M","-2,50%"
"02.06.2020","5,59","5,35","5,63","5,33","6,88M","5,27%"
"01.06.2020","5,31","5,03","5,37","5,03","3,91M","3,51%"
"29.05.2020","5,13","5,00","5,38","4,83","5,16M","1,18%"
"28.05.2020","5,07","5,65","5,68","5,02","6,57M","-9,46%"
"27.05.2020","5,60","5,51","5,65","5,12","7,86M","9,59%"
"26.05.2020","5,11","4,82","5,11","4,70","8,86M","11,57%"
"22.05.2020","4,58","4,66","4,68","4,56","2,41M","-1,08%"
"21.05.2020","4,63","4,68","4,78","4,55","4,52M","-0,64%"
"20.05.2020","4,66","4,68","4,74","4,59","3,49M","2,19%"
"19.05.2020","4,56","4,82","4,98","4,50","4,90M","-3,39%"
"18.05.2020","4,72","4,80","4,93","4,63","6,00M","4,42%"
"15.05.2020","4,52","4,46","4,60","4,44","3,48M","-0,66%"
"14.05.2020","4,55","4,32","4,64","4,10","5,92M","-1,09%"
"13.05.2020","4,60","5,00","5,00","4,51","10,43M","-10,16%"
"12.05.2020","5,12","5,77","5,84","4,91","19,68M","-3,76%"
"11.05.2020","5,32","6,40","6,41","4,89","106,55M","29,76%"
"08.05.2020","4,10","4,14","4,22","4,04","3,61M","2,76%"
"07.05.2020","3,99","4,01","4,18","3,95","4,11M","1,79%"
"06.05.2020","3,92","4,08","4,10","3,83","3,11M","0,77%"
"05.05.2020","3,89","4,67","4,69","3,81","7,50M","-9,53%"
"04.05.2020","4,30","4,11","4,78","4,00","5,60M","-5,91%"
"01.05.2020","4,57","4,62","4,70","4,30","6,75M","-7,11%"
"30.04.2020","4,92","5,01","5,09","4,50","11,24M","-5,20%"
"29.04.2020","5,19","4,54","5,53","4,47","27,16M","25,36%"
"28.04.2020","4,14","3,82","4,75","3,50","21,60M","23,21%"
"27.04.2020","3,36","3,19","3,40","3,06","5,67M","10,16%"
"24.04.2020","3,05","3,14","3,20","3,02","3,65M","-1,93%"
"23.04.2020","3,11","3,20","3,24","3,08","4,32M","-2,20%"
"22.04.2020","3,18","3,39","3,39","3,16","4,57M","-2,15%"
"21.04.2020","3,25","3,20","3,38","3,15","5,79M","2,20%"
"20.04.2020","3,18","3,22","3,44","3,06","10,79M","-0,62%"
"17.04.2020","3,20","3,85","3,85","3,05","26,80M","31,15%"
"16.04.2020","2,44","2,35","2,49","2,15","6,29M","1,24%"
"15.04.2020","2,41","2,15","2,46","2,02","11,38M","10,55%"
"14.04.2020","2,18","2,21","2,37","2,14","11,75M","4,81%"
"13.04.2020","2,08","2,34","2,36","1,95","19,78M","-20,00%"
"09.04.2020","2,60","3,30","3,30","2,58","13,98M","-21,21%"
"08.04.2020","3,30","3,05","3,32","2,80","8,00M","5,10%"
"07.04.2020","3,14","3,17","3,73","3,05","8,98M","9,03%"
"06.04.2020","2,88","2,50","2,97","2,40","6,91M","26,87%"
"03.04.2020","2,27","2,32","2,34","2,00","7,49M","1,34%"
"02.04.2020","2,24","2,74","2,78","2,18","8,81M","-14,50%"
"01.04.2020","2,62","3,00","3,04","2,50","5,90M","-17,09%"
"31.03.2020","3,16","3,15","3,29","3,08","3,64M","3,95%"
"30.03.2020","3,04","3,45","3,50","3,04","4,22M","-15,56%"
"27.03.2020","3,60","3,57","3,75","3,30","3,43M","-2,70%"
"26.03.2020","3,70","3,46","3,95","3,44","5,08M","6,94%"
"25.03.2020","3,46","3,96","3,98","3,25","8,11M","-2,81%"
"24.03.2020","3,56","3,49","3,56","3,27","5,17M","13,02%"
"23.03.2020","3,15","3,23","3,40","2,71","6,48M","-1,25%"
"20.03.2020","3,19","3,40","3,60","3,02","5,75M","-5,34%"
"19.03.2020","3,37","2,63","3,47","2,38","8,61M","36,44%"
"18.03.2020","2,47","2,16","2,99","2,11","7,75M","-0,40%"
"17.03.2020","2,48","2,62","2,75","1,95","7,69M","-4,62%"
"16.03.2020","2,60","2,64","2,90","2,60","8,50M","-19,25%"
"13.03.2020","3,22","3,14","3,27","2,80","6,16M","10,65%"
"12.03.2020","2,91","2,68","3,15","2,65","8,06M","-20,05%"
"11.03.2020","3,64","3,98","4,07","3,56","4,08M","-13,33%"
"10.03.2020","4,20","4,17","4,29","3,76","3,69M","9,09%"
"09.03.2020","3,85","3,95","4,07","3,68","3,40M","-15,01%"
"06.03.2020","4,53","4,62","4,73","4,37","4,60M","-7,93%"
"05.03.2020","4,92","5,60","5,61","4,75","5,85M","-15,46%"
"04.03.2020","5,82","5,86","5,90","5,43","4,48M","0,17%"
"03.03.2020","5,81","6,10","6,13","5,64","3,84M","-4,91%"
"02.03.2020","6,11","6,31","6,32","5,63","4,59M","-2,40%"
"28.02.2020","6,26","6,51","6,65","5,98","7,56M","2,79%"
"27.02.2020","6,09","5,71","6,20","5,12","6,29M","2,70%"
"26.02.2020","5,93","6,57","6,62","5,87","7,18M","-9,47%"
"25.02.2020","6,55","7,00","7,28","6,48","4,18M","-7,09%"
"24.02.2020","7,05","7,14","7,14","6,84","3,21M","-5,50%"
"21.02.2020","7,46","7,70","7,75","7,33","3,04M","-3,87%"
"20.02.2020","7,76","7,32","7,78","7,21","3,65M","6,16%"
"19.02.2020","7,31","7,10","7,44","7,06","2,31M","3,84%"
"18.02.2020","7,04","7,09","7,25","7,03","2,14M","-0,85%"
"14.02.2020","7,10","7,01","7,19","6,88","1,71M","1,43%"
"13.02.2020","7,00","6,75","7,08","6,72","1,55M","2,04%"
"12.02.2020","6,86","6,93","7,08","6,82","1,92M","-1,15%"
"11.02.2020","6,94","6,80","6,98","6,64","1,57M","2,21%"
"10.02.2020","6,79","6,55","6,83","6,47","1,36M","3,66%"
"07.02.2020","6,55","6,70","6,75","6,54","2,06M","-2,96%"
"06.02.2020","6,75","7,03","7,13","6,73","2,71M","-3,57%"
"05.02.2020","7,00","6,72","7,09","6,69","2,17M","5,26%"
"04.02.2020","6,65","6,46","6,69","6,38","2,00M","3,10%"
"03.02.2020","6,45","6,50","6,59","6,41","1,41M","-1,07%"
"31.01.2020","6,52","6,81","6,87","6,50","1,88M","-4,68%"
"30.01.2020","6,84","6,62","6,88","6,46","1,64M","1,03%"
"29.01.2020","6,77","6,86","6,89","6,69","1,44M","-0,29%"
"28.01.2020","6,79","6,35","6,80","6,29","2,09M","6,76%"
"27.01.2020","6,36","6,51","6,54","6,25","3,16M","-5,64%"
"24.01.2020","6,74","6,76","6,80","6,60","2,28M","-0,88%"
"23.01.2020","6,80","6,93","7,00","6,68","2,03M","-2,44%"
"22.01.2020","6,97","7,21","7,22","6,93","2,72M","-2,92%"
"21.01.2020","7,18","7,26","7,32","7,15","1,83M","-1,37%"
"17.01.2020","7,28","7,36","7,38","7,13","2,02M","-0,68%"
"16.01.2020","7,33","7,19","7,44","7,19","3,35M","3,09%"
"15.01.2020","7,11","6,85","7,33","6,80","4,66M","3,80%"
"14.01.2020","6,85","6,55","6,96","6,45","2,71M","4,42%"
"13.01.2020","6,56","6,50","6,63","6,42","2,84M","1,39%"
"10.01.2020","6,47","6,44","6,67","6,41","5,20M","0,15%"
"09.01.2020","6,46","6,66","6,68","6,35","6,80M","-2,42%"
"08.01.2020","6,62","7,11","7,15","6,61","6,57M","-7,15%"
"07.01.2020","7,13","7,11","7,20","7,00","3,24M","0,14%"
"06.01.2020","7,12","7,25","7,30","7,11","2,90M","-2,73%"
"03.01.2020","7,32","7,45","7,60","7,30","2,22M","-1,88%"
"02.01.2020","7,46","7,30","7,56","7,23","4,53M","3,04%"
"31.12.2019","7,24","7,24","7,29","7,15","3,28M","0,00%"
"30.12.2019","7,24","7,31","7,42","7,23","3,37M","-0,82%"
"27.12.2019","7,30","7,30","7,40","7,20","3,91M","-0,54%"
"26.12.2019","7,34","7,55","7,56","7,32","3,31M","-2,26%"
"24.12.2019","7,51","7,47","7,67","7,43","3,62M","2,60%"
"23.12.2019","7,32","7,73","7,75","7,31","6,56M","-5,30%"
"20.12.2019","7,73","7,82","7,96","7,72","4,23M","-0,90%"
"19.12.2019","7,80","7,96","8,00","7,68","5,49M","-2,01%"
"18.12.2019","7,96","7,78","8,13","7,66","4,40M","-1,97%"
"17.12.2019","8,12","8,35","8,40","8,08","3,59M","-2,75%"
"16.12.2019","8,35","8,45","8,78","8,35","4,79M","1,58%"
"13.12.2019","8,22","8,30","8,41","8,19","1,38M","-0,96%"
"12.12.2019","8,30","8,25","8,44","8,18","2,41M","1,72%"
"11.12.2019","8,16","8,06","8,18","8,01","1,70M","0,74%"
"10.12.2019","8,10","8,19","8,41","8,09","2,44M","-1,58%"
"09.12.2019","8,23","8,03","8,27","7,84","1,91M","2,24%"
"06.12.2019","8,05","7,88","8,15","7,88","1,59M","2,29%"
"05.12.2019","7,87","7,95","8,02","7,77","2,75M","-0,76%"
"04.12.2019","7,93","8,30","8,32","7,88","4,30M","-4,11%"
"03.12.2019","8,27","8,57","8,58","8,21","3,68M","-4,61%"
"02.12.2019","8,67","8,24","8,71","8,22","4,17M","5,99%"
"29.11.2019","8,18","8,26","8,40","8,08","2,41M","-2,97%"
"27.11.2019","8,43","8,00","8,65","8,00","5,75M","6,71%"
"26.11.2019","7,90","8,40","8,40","7,90","4,78M","-5,73%"
"25.11.2019","8,38","8,08","8,45","8,05","3,56M","5,28%"
"22.11.2019","7,96","7,96","8,06","7,47","5,71M","0,25%"
"21.11.2019","7,94","8,13","8,33","7,87","4,42M","-2,34%"
"20.11.2019","8,13","8,49","8,49","8,11","4,16M","-4,01%"
"19.11.2019","8,47","8,65","9,05","8,40","5,94M","0,00%"
"18.11.2019","8,47","8,76","8,79","8,22","7,46M","-3,31%"
"15.11.2019","8,76","8,98","8,99","8,71","3,23M","-1,35%"
"14.11.2019","8,88","8,77","9,01","8,67","3,25M","0,91%"
"13.11.2019","8,80","9,25","9,28","8,54","6,80M","-5,17%"
"12.11.2019","9,28","9,54","9,62","9,28","2,39M","-2,73%"
"11.11.2019","9,54","9,55","9,67","9,27","1,64M","-0,83%"
"08.11.2019","9,62","9,37","9,73","9,24","2,39M","4,11%"
"07.11.2019","9,24","9,94","10,35","9,12","5,61M","-4,64%"
"06.11.2019","9,69","9,79","9,86","9,56","1,78M","-0,92%"
"05.11.2019","9,78","9,79","10,09","9,76","2,29M","0,31%"
"04.11.2019","9,75","9,74","9,80","9,49","2,05M","1,35%"
"01.11.2019","9,62","9,45","9,84","9,33","2,18M","2,67%"
"31.10.2019","9,37","9,49","9,54","9,20","1,90M","-0,32%"
"30.10.2019","9,40","9,78","9,79","9,21","2,83M","-4,18%"
"29.10.2019","9,81","9,90","9,96","9,74","1,23M","-1,01%"
"28.10.2019","9,91","9,78","10,06","9,75","1,20M","1,95%"
"25.10.2019","9,72","9,58","9,81","9,38","1,57M","1,25%"
"24.10.2019","9,60","9,90","9,93","9,33","2,55M","-2,74%"
"23.10.2019","9,87","9,82","10,14","9,72","2,83M","1,13%"
"22.10.2019","9,76","9,21","9,91","9,19","2,21M","5,86%"
"21.10.2019","9,22","9,43","9,54","9,18","1,81M","-1,50%"
"18.10.2019","9,36","9,32","9,45","9,20","1,76M","0,21%"
"17.10.2019","9,34","9,37","9,40","9,15","1,68M","0,00%"
"16.10.2019","9,34","9,22","9,55","9,22","2,32M","1,85%"
"15.10.2019","9,17","9,05","9,49","8,97","4,10M","2,46%"
"14.10.2019","8,95","9,18","9,25","8,78","2,68M","-2,93%"
"11.10.2019","9,22","9,28","9,50","9,19","2,18M","0,66%"
"10.10.2019","9,16","9,36","9,42","9,12","2,11M","-2,45%"
"09.10.2019","9,39","9,87","9,87","9,05","4,62M","-4,48%"
"08.10.2019","9,83","9,70","9,91","9,43","2,39M","0,51%"
"07.10.2019","9,78","9,72","9,96","9,66","1,49M","-0,41%"
"04.10.2019","9,82","9,95","10,04","9,65","2,52M","-1,11%"
"03.10.2019","9,93","10,14","10,18","9,81","2,78M","-2,84%"
"02.10.2019","10,22","10,54","10,55","9,90","2,20M","-3,77%"
"01.10.2019","10,62","10,75","10,95","10,60","1,29M","-0,75%"
"30.09.2019","10,70","10,82","10,97","10,65","1,30M","-0,74%"
"27.09.2019","10,78","10,87","11,05","10,68","956,03K","-0,37%"
"26.09.2019","10,82","10,81","10,95","10,49","1,94M","0,09%"
"25.09.2019","10,81","10,71","11,13","10,58","1,88M","0,93%"
"24.09.2019","10,71","10,80","10,91","10,62","1,56M","-0,09%"
"23.09.2019","10,72","10,80","10,92","10,44","2,26M","-1,20%"
"20.09.2019","10,85","10,76","11,15","10,62","2,31M","0,74%"
"19.09.2019","10,77","11,17","11,23","10,74","2,77M","-3,58%"
"18.09.2019","11,17","11,48","11,54","11,08","1,94M","-2,79%"
"17.09.2019","11,49","11,89","11,90","11,32","2,10M","-3,53%"
"16.09.2019","11,91","11,85","12,13","11,82","1,57M","-0,42%"
"13.09.2019","11,96","11,80","11,98","11,67","1,65M","2,22%"
"12.09.2019","11,70","11,74","11,87","11,52","1,70M","-0,34%"
"11.09.2019","11,74","11,66","11,87","11,47","1,44M","0,77%"
"10.09.2019","11,65","11,65","11,79","11,47","1,94M","-0,26%"
"09.09.2019","11,68","11,57","11,76","11,36","1,90M","1,39%"
"06.09.2019","11,52","11,82","11,97","11,50","1,69M","-4,16%"
"05.09.2019","12,02","11,91","12,06","11,80","2,39M","2,65%"
"04.09.2019","11,71","11,53","11,80","11,43","1,98M","2,72%"
"03.09.2019","11,40","11,19","11,47","10,97","2,48M","2,61%"
"30.08.2019","11,11","11,33","11,39","11,00","1,83M","-1,68%"
"29.08.2019","11,30","11,36","11,50","11,24","1,44M","0,44%"
"28.08.2019","11,25","10,81","11,31","10,61","1,53M","3,59%"
"27.08.2019","10,86","11,37","11,37","10,74","2,63M","-3,98%"
"26.08.2019","11,31","11,12","11,38","11,03","1,42M","2,72%"
"23.08.2019","11,01","11,42","11,47","10,87","3,10M","-4,34%"
"22.08.2019","11,51","11,44","11,60","11,23","2,15M","0,88%"
"21.08.2019","11,41","11,40","11,57","11,23","1,66M","0,62%"
"20.08.2019","11,34","11,38","11,54","11,26","1,25M","-0,44%"
"19.08.2019","11,39","11,40","11,64","11,24","1,56M","2,15%"
"16.08.2019","11,15","10,95","11,30","10,90","1,88M","2,86%"
"15.08.2019","10,84","10,70","10,86","10,46","2,10M","0,84%"
"14.08.2019","10,75","11,48","11,50","10,74","3,81M","-7,88%"
"13.08.2019","11,67","11,72","12,26","11,55","3,05M","-0,77%"
"12.08.2019","11,76","12,12","12,40","11,60","2,49M","-3,45%"
"09.08.2019","12,18","11,97","12,36","11,80","3,56M","1,42%"
"08.08.2019","12,01","12,15","12,49","11,45","8,41M","5,81%"
"07.08.2019","11,35","11,10","11,45","10,92","3,24M","0,27%"
"06.08.2019","11,32","11,16","11,41","11,00","1,79M","1,98%"
"05.08.2019","11,10","11,43","11,48","10,89","2,86M","-4,48%"
"02.08.2019","11,62","11,20","11,64","11,08","2,87M","3,20%"
"01.08.2019","11,26","11,70","11,82","11,04","4,60M","-4,82%"
"31.07.2019","11,83","11,75","11,97","11,54","2,82M","0,77%"
"30.07.2019","11,74","11,34","11,74","11,13","2,78M","2,53%"
"29.07.2019","11,45","11,30","11,45","10,93","2,75M","1,78%"
"26.07.2019","11,25","11,00","11,30","10,95","2,34M","2,83%"
"25.07.2019","10,94","10,81","11,02","10,67","2,21M","1,48%"
"24.07.2019","10,78","10,33","10,89","10,33","2,66M","4,66%"
"23.07.2019","10,30","10,26","10,53","10,18","2,99M","-1,06%"
"22.07.2019","10,41","10,64","10,90","10,07","5,52M","-1,23%"
"19.07.2019","10,54","9,95","11,04","9,93","11,04M","9,56%"
"18.07.2019","9,62","9,62","9,90","9,49","2,07M","-1,94%"
"17.07.2019","9,81","9,78","9,94","9,64","1,75M","0,31%"
"16.07.2019","9,78","9,39","9,82","9,32","2,19M","3,06%"
"15.07.2019","9,49","9,39","9,53","9,06","2,27M","0,32%"
"12.07.2019","9,46","9,55","9,61","9,31","1,84M","0,11%"
"11.07.2019","9,45","9,22","9,55","9,13","2,51M","2,49%"
"10.07.2019","9,22","9,02","9,32","8,95","2,15M","3,48%"
"09.07.2019","8,91","8,83","9,18","8,73","3,59M","0,56%"
"08.07.2019","8,86","9,34","9,37","8,80","4,47M","-5,74%"
"05.07.2019","9,40","9,03","9,51","9,03","3,14M","3,30%"
"03.07.2019","9,10","9,23","9,31","9,00","1,96M","-1,19%"
"02.07.2019","9,21","9,23","9,30","9,04","2,06M","-0,65%"
"01.07.2019","9,27","9,85","9,90","9,15","2,93M","-0,64%"
"28.06.2019","9,33","9,46","9,52","9,28","2,54M","-1,69%"
"27.06.2019","9,49","9,45","9,54","9,35","2,03M","0,42%"
"26.06.2019","9,45","9,53","9,70","9,31","2,93M","-0,32%"
"25.06.2019","9,48","10,01","10,03","9,42","3,66M","-5,29%"
"24.06.2019","10,01","10,64","10,66","9,97","2,91M","-5,57%"
"21.06.2019","10,60","10,88","10,88","10,31","3,04M","-3,02%"
"20.06.2019","10,93","11,58","11,59","10,88","2,73M","-5,20%"
"19.06.2019","11,53","11,50","11,68","11,34","1,53M","1,05%"
"18.06.2019","11,41","11,27","11,42","11,19","1,87M","2,06%"
"17.06.2019","11,18","10,98","11,30","10,88","1,24M","2,01%"
"14.06.2019","10,96","10,93","11,02","10,83","1,51M","0,09%"
"13.06.2019","10,95","10,75","10,97","10,63","3,18M","2,43%"
"12.06.2019","10,69","11,05","11,15","10,65","1,67M","-3,17%"
"11.06.2019","11,04","11,00","11,18","10,96","1,51M","0,91%"
"10.06.2019","10,94","10,81","11,01","10,79","2,27M","1,77%"
"07.06.2019","10,75","11,00","11,21","10,72","2,44M","-3,07%"
"06.06.2019","11,09","11,18","11,20","10,70","4,03M","-0,81%"
"05.06.2019","11,18","11,85","11,87","11,13","3,45M","-5,09%"
"04.06.2019","11,78","12,01","12,08","11,74","2,01M","-1,01%"
"03.06.2019","11,90","11,94","12,03","11,76","1,63M","-0,67%"
"31.05.2019","11,98","11,88","12,14","11,71","1,44M","-0,25%"
"30.05.2019","12,01","12,06","12,39","11,91","1,62M","-0,41%"
"29.05.2019","12,06","12,46","12,52","12,01","1,89M","-3,52%"
"28.05.2019","12,50","12,69","12,81","12,45","1,40M","-1,50%"
"24.05.2019","12,69","13,00","13,06","12,65","1,12M","-2,01%"
"23.05.2019","12,95","12,98","13,00","12,68","2,11M","-0,69%"
"22.05.2019","13,04","13,20","13,33","13,03","983,20K","-1,29%"
"21.05.2019","13,21","13,09","13,33","13,03","1,75M","1,62%"
"20.05.2019","13,00","13,19","13,22","12,90","2,03M","-0,99%"
"17.05.2019","13,13","13,32","13,55","13,11","1,99M","-2,01%"
"16.05.2019","13,40","13,57","13,67","13,33","1,79M","-1,33%"
"15.05.2019","13,58","13,35","13,72","13,31","1,63M","0,59%"
"14.05.2019","13,50","13,39","13,65","13,36","1,57M","1,58%"
"13.05.2019","13,29","13,53","13,75","13,05","2,34M","-3,84%"
"10.05.2019","13,82","13,58","13,93","13,29","2,26M","1,39%"
"09.05.2019","13,63","13,79","13,90","13,02","5,90M","-6,96%"
"08.05.2019","14,65","14,91","14,96","14,57","1,75M","-2,14%"
"07.05.2019","14,97","14,88","15,22","14,82","1,55M","0,67%"
"06.05.2019","14,87","14,39","15,00","14,30","1,55M","1,92%"
"03.05.2019","14,59","14,87","14,96","14,48","1,77M","-0,75%"
"02.05.2019","14,70","14,69","14,80","14,33","1,04M","-0,07%"
"01.05.2019","14,71","15,15","15,30","14,70","1,88M","-2,97%"
"30.04.2019","15,16","15,41","15,43","14,88","1,66M","-2,19%"
"29.04.2019","15,50","15,86","15,96","15,28","2,58M","0,65%"
"26.04.2019","15,40","15,39","15,65","15,32","1,18M","0,65%"
"25.04.2019","15,30","15,44","15,54","15,06","1,28M","-0,91%"
"24.04.2019","15,44","15,27","15,56","15,08","1,28M","1,25%"
"23.04.2019","15,25","15,28","15,32","14,87","1,83M","-0,07%"
"22.04.2019","15,26","15,95","15,95","15,19","2,32M","-4,92%"
"18.04.2019","16,05","16,58","16,58","15,94","1,18M","-3,25%"
"17.04.2019","16,59","16,58","17,07","16,35","2,05M","0,00%"
"16.04.2019","16,59","16,50","16,70","16,26","1,68M","0,55%"
"15.04.2019","16,50","16,44","16,57","16,05","1,79M","0,43%"
"12.04.2019","16,43","16,00","16,46","15,91","1,47M","1,92%"
"11.04.2019","16,12","16,14","16,32","16,01","925,03K","-0,19%"
"10.04.2019","16,15","16,16","16,24","15,97","927,82K","0,00%"
"09.04.2019","16,15","16,10","16,39","15,91","1,16M","-0,98%"
"08.04.2019","16,31","15,35","16,80","15,32","3,62M","8,88%"
"05.04.2019","14,98","15,01","15,12","14,81","987,00K","-0,20%"
"04.04.2019","15,01","14,70","15,03","14,63","1,67M","2,74%"
"03.04.2019","14,61","14,85","14,92","14,53","1,17M","-1,15%"
"02.04.2019","14,78","15,00","15,00","14,62","1,19M","-1,40%"
"01.04.2019","14,99","14,95","15,14","14,84","1,09M","0,94%"
"29.03.2019","14,85","14,81","14,95","14,71","751,14K","0,54%"
"28.03.2019","14,77","14,80","14,95","14,61","1,25M","-0,47%"
"27.03.2019","14,84","14,93","15,07","14,58","1,27M","-0,67%"
"26.03.2019","14,94","15,47","15,56","14,70","1,72M","-2,35%"
"25.03.2019","15,30","15,04","15,60","15,01","1,35M","1,59%"
"22.03.2019","15,06","15,35","15,49","15,04","1,14M","-2,33%"
"21.03.2019","15,42","14,95","15,59","14,95","1,56M","3,07%"
"20.03.2019","14,96","14,71","15,15","14,69","1,30M","1,42%"
"19.03.2019","14,75","15,11","15,23","14,62","1,14M","-1,67%"
"18.03.2019","15,00","14,47","15,03","14,38","3,24M","3,45%"
"15.03.2019","14,50","14,47","14,73","14,42","1,76M","0,14%"
"14.03.2019","14,48","14,49","14,61","14,15","1,09M","0,35%"
"13.03.2019","14,43","14,35","14,75","14,27","1,29M","0,07%"
"12.03.2019","14,42","14,72","14,74","14,37","1,02M","-1,57%"
"11.03.2019","14,65","14,77","15,04","14,55","1,36M","-0,48%"
"08.03.2019","14,72","14,50","14,74","14,36","867,33K","-0,54%"
"07.03.2019","14,80","15,13","15,19","14,68","1,15M","-2,18%"
"06.03.2019","15,13","15,63","15,75","15,07","1,57M","-3,14%"
"05.03.2019","15,62","15,65","15,89","15,25","2,11M","0,77%"
"04.03.2019","15,50","16,11","16,15","15,06","3,46M","-3,13%"
"01.03.2019","16,00","15,66","16,50","15,20","10,05M","14,04%"
"28.02.2019","14,03","13,92","14,38","13,88","2,17M","1,15%"
"27.02.2019","13,87","13,55","14,05","13,46","1,39M","2,29%"
"26.02.2019","13,56","13,64","13,79","13,08","1,94M","-0,59%"
"25.02.2019","13,64","14,02","14,16","13,64","1,36M","-1,66%"
"22.02.2019","13,87","13,84","14,32","13,76","1,00M","1,24%"
"21.02.2019","13,70","13,65","13,89","13,57","733,00K","0,22%"
"20.02.2019","13,67","13,32","13,88","13,25","1,77M","3,56%"
"19.02.2019","13,20","13,72","13,86","13,18","2,05M","-4,28%"
"15.02.2019","13,79","13,73","14,14","13,65","1,02M","1,03%"
"14.02.2019","13,65","13,44","14,00","13,36","1,17M","1,04%"
"13.02.2019","13,51","13,30","13,51","13,15","1,52M","1,89%"
"12.02.2019","13,26","13,20","13,36","12,82","2,30M","0,68%"
"11.02.2019","13,17","13,74","13,79","12,97","1,70M","-4,01%"
"08.02.2019","13,72","13,28","13,74","13,28","634,34K","3,00%"
"07.02.2019","13,32","13,67","13,75","13,22","1,50M","-3,41%"
"06.02.2019","13,79","13,99","14,10","13,75","1,02M","-1,99%"
"05.02.2019","14,07","14,35","14,59","13,89","1,18M","-1,95%"
"04.02.2019","14,35","14,17","14,46","14,02","858,77K","1,13%"
"01.02.2019","14,19","14,52","14,52","13,96","1,27M","-3,14%"
"31.01.2019","14,65","14,18","14,69","14,17","906,01K","3,75%"
"30.01.2019","14,12","14,35","14,35","13,94","545,96K","-0,49%"
"29.01.2019","14,19","14,06","14,32","14,00","620,69K","1,28%"
"28.01.2019","14,01","13,97","14,17","13,88","688,97K","0,00%"
"25.01.2019","14,01","14,39","14,50","13,92","772,63K","-1,68%"
"24.01.2019","14,25","13,81","14,27","13,74","593,53K","3,34%"
"23.01.2019","13,79","13,59","14,40","13,57","1,48M","2,07%"
"22.01.2019","13,51","14,01","14,03","13,40","1,60M","-6,57%"
"18.01.2019","14,46","14,16","14,56","14,16","953,78K","2,48%"
"17.01.2019","14,11","14,09","14,46","14,09","828,34K","0,07%"
"16.01.2019","14,10","14,29","14,60","14,04","960,07K","-1,47%"
"15.01.2019","14,31","14,18","14,45","13,96","646,63K","1,27%"
"14.01.2019","14,13","13,98","14,26","13,80","1,41M","0,71%"
"11.01.2019","14,03","13,76","14,07","13,61","578,62K","2,18%"
"10.01.2019","13,73","13,80","13,92","13,45","976,78K","-1,58%"
"09.01.2019","13,95","14,74","14,75","13,89","1,44M","-4,26%"
"08.01.2019","14,57","14,21","14,70","14,09","1,12M","3,19%"
"07.01.2019","14,12","13,55","14,26","13,37","1,12M","4,28%"
"04.01.2019","13,54","13,22","13,69","13,02","1,03M","3,68%"
"03.01.2019","13,06","12,80","13,54","12,63","1,39M","1,32%"
"02.01.2019","12,89","12,01","13,08","11,90","1,37M","4,97%"
"31.12.2018","12,28","12,50","12,72","11,91","1,25M","-1,13%"
"28.12.2018","12,42","12,25","12,65","12,02","1,67M","1,80%"
"27.12.2018","12,20","12,43","12,50","11,66","1,78M","-3,79%"
"26.12.2018","12,68","12,35","12,76","11,94","1,57M","3,43%"
"24.12.2018","12,26","12,28","12,54","12,06","861,38K","-0,65%"
"21.12.2018","12,34","13,07","13,20","12,30","1,65M","-4,93%"
"20.12.2018","12,98","13,38","13,70","12,66","1,50M","-2,92%"
"19.12.2018","13,37","13,96","14,07","13,28","1,36M","-4,23%"
"18.12.2018","13,96","14,19","14,45","13,71","1,20M","-0,78%"
"17.12.2018","14,07","14,47","14,79","14,00","1,02M","-3,03%"
"14.12.2018","14,51","14,71","14,98","14,45","777,74K","-2,36%"
"13.12.2018","14,86","15,33","15,40","14,61","1,09M","-2,69%"
"12.12.2018","15,27","15,26","15,44","15,05","1,81M","0,99%"
"11.12.2018","15,12","14,49","15,23","14,49","2,03M","5,73%"
"10.12.2018","14,30","14,24","14,45","13,68","1,20M","0,21%"
"07.12.2018","14,27","14,45","14,70","14,13","980,31K","-2,46%"
"06.12.2018","14,63","14,10","14,66","13,93","1,71M","2,59%"
"04.12.2018","14,26","14,15","14,57","14,10","1,41M","0,28%"
"03.12.2018","14,22","13,85","14,49","13,60","2,00M","4,18%"
"30.11.2018","13,65","14,02","14,13","13,46","1,45M","-2,22%"
"29.11.2018","13,96","13,75","14,25","13,74","1,06M","0,87%"
"28.11.2018","13,84","13,45","13,91","13,40","1,41M","2,90%"
"27.11.2018","13,45","14,13","14,15","13,44","1,76M","-5,01%"
"26.11.2018","14,16","14,00","14,24","13,80","1,75M","2,02%"
"23.11.2018","13,88","13,85","14,06","13,42","859,24K","-0,43%"
"21.11.2018","13,94","13,42","14,25","13,38","1,63M","4,89%"
"20.11.2018","13,29","13,22","13,71","13,04","3,08M","-1,48%"
"19.11.2018","13,49","14,05","14,30","13,20","2,97M","-3,99%"
"16.11.2018","14,05","14,65","14,75","13,99","2,51M","-4,68%"
"15.11.2018","14,74","15,50","15,51","14,74","2,17M","-5,99%"
"14.11.2018","15,68","15,58","15,90","15,55","1,71M","0,90%"
"13.11.2018","15,54","15,10","15,64","15,10","2,06M","2,30%"
"12.11.2018","15,19","15,71","15,86","15,18","2,41M","-3,00%"
"09.11.2018","15,66","17,40","17,84","14,97","6,80M","-13,62%"
"08.11.2018","18,13","18,43","18,92","18,01","1,62M","-1,36%"
"07.11.2018","18,38","18,50","18,50","17,88","3,52M","-0,22%"
"06.11.2018","18,42","19,07","19,21","18,39","1,85M","-3,96%"
"05.11.2018","19,18","19,08","19,23","18,98","1,52M","0,95%"
"02.11.2018","19,00","19,35","19,88","18,64","1,43M","-1,25%"
"01.11.2018","19,24","19,26","19,31","18,80","1,29M","-0,10%"
"31.10.2018","19,26","19,60","19,63","19,08","1,25M","0,10%"
"30.10.2018","19,24","18,68","19,24","18,67","1,73M","2,78%"
"29.10.2018","18,72","18,07","18,97","18,06","1,54M","4,99%"
"26.10.2018","17,83","18,47","18,50","17,42","2,58M","-4,70%"
"25.10.2018","18,71","17,99","18,81","17,92","2,24M","4,94%"
"24.10.2018","17,83","19,46","19,54","17,83","3,65M","-9,49%"
"23.10.2018","19,70","19,54","19,76","19,29","1,18M","-0,51%"
"22.10.2018","19,80","19,92","20,26","19,77","1,93M","-0,05%"
"19.10.2018","19,81","19,77","20,36","19,65","1,53M","0,87%"
"18.10.2018","19,64","19,65","19,95","19,44","1,61M","-0,86%"
"17.10.2018","19,81","20,00","20,30","19,73","1,68M","-1,69%"
"16.10.2018","20,15","19,41","20,16","19,37","2,45M","4,57%"
"15.10.2018","19,27","18,84","19,32","18,63","1,58M","2,17%"
"12.10.2018","18,86","18,64","18,96","18,50","2,05M","2,44%"
"11.10.2018","18,41","18,55","18,84","18,40","1,54M","-1,81%"
"10.10.2018","18,75","19,65","19,93","18,70","1,76M","-4,39%"
"09.10.2018","19,61","19,63","19,85","19,54","998,26K","0,05%"
"08.10.2018","19,60","19,53","19,86","19,17","1,57M","-0,51%"
"05.10.2018","19,70","20,00","20,11","19,48","1,57M","-1,35%"
"04.10.2018","19,97","19,96","20,25","19,73","1,38M","-0,60%"
"03.10.2018","20,09","19,80","20,27","19,61","1,85M","1,67%"
"02.10.2018","19,76","19,80","20,15","19,53","2,19M","-0,50%"
"01.10.2018","19,86","20,54","20,60","19,75","1,94M","-3,12%"
"28.09.2018","20,50","20,40","20,60","20,20","1,83M","0,24%"
"27.09.2018","20,45","20,10","20,60","20,05","1,57M","1,49%"
"26.09.2018","20,15","19,85","20,35","19,75","1,55M","1,26%"
"25.09.2018","19,90","20,40","20,40","19,45","2,29M","-2,45%"
"24.09.2018","20,40","19,90","20,70","19,70","2,17M","3,03%"
"21.09.2018","19,80","19,29","19,89","19,20","3,22M","2,91%"
"20.09.2018","19,24","19,43","19,43","19,05","1,40M","0,47%"
"19.09.2018","19,15","18,73","19,20","18,50","2,64M","3,23%"
"18.09.2018","18,55","18,46","19,15","18,27","1,73M","0,27%"
"17.09.2018","18,50","18,32","18,59","17,76","2,30M","0,76%"
"14.09.2018","18,36","19,48","19,75","18,27","5,18M","-1,50%"
"13.09.2018","18,64","18,59","18,69","18,36","737,06K","0,27%"
"12.09.2018","18,59","18,27","18,69","18,18","1,08M","1,25%"
"11.09.2018","18,36","18,55","18,64","18,04","1,45M","-0,54%"
"10.09.2018","18,46","18,50","18,69","18,08","1,50M","0,00%"
"07.09.2018","18,46","18,08","18,73","18,04","2,44M","0,76%"
"06.09.2018","18,32","18,04","18,55","17,85","2,16M","2,35%"
"05.09.2018","17,90","17,81","18,97","17,31","4,05M","0,28%"
"04.09.2018","17,85","17,67","17,95","17,53","1,71M","1,02%"
"31.08.2018","17,67","17,39","17,71","17,16","1,26M","1,32%"
"30.08.2018","17,44","17,48","17,62","17,30","794,75K","-0,74%"
"29.08.2018","17,57","17,71","17,85","17,57","904,80K","-1,07%"
"28.08.2018","17,76","17,34","17,81","17,16","1,20M","2,42%"
"27.08.2018","17,34","17,76","17,83","17,34","1,49M","-2,36%"
"24.08.2018","17,76","17,76","17,99","17,62","1,30M","-0,28%"
"23.08.2018","17,81","17,62","17,85","17,17","1,09M","1,08%"
"22.08.2018","17,62","17,48","18,13","17,34","1,62M","0,80%"
"21.08.2018","17,48","17,25","17,92","17,25","1,51M","1,63%"
"20.08.2018","17,20","17,11","17,34","16,79","1,72M","1,06%"
"17.08.2018","17,02","16,74","17,44","16,67","1,96M","1,37%"
"16.08.2018","16,79","16,04","17,11","15,95","3,84M","2,32%"
"15.08.2018","16,41","16,18","16,58","16,04","2,30M","1,11%"
"14.08.2018","16,23","16,28","16,51","16,02","1,82M","0,31%"
"13.08.2018","16,18","16,09","16,44","16,00","1,30M","0,00%"
"10.08.2018","16,18","15,63","16,23","15,35","1,85M","3,25%"
"09.08.2018","15,67","16,28","17,02","15,49","4,50M","-3,45%"
"08.08.2018","16,23","15,90","16,35","15,77","2,55M","1,76%"
"07.08.2018","15,95","16,14","16,65","15,90","2,17M","-0,56%"
"06.08.2018","16,04","15,90","16,41","15,72","2,09M","0,88%"
"03.08.2018","15,90","15,39","16,23","15,39","3,05M","3,58%"
"02.08.2018","15,35","14,70","15,63","14,51","3,21M","3,16%"
"01.08.2018","14,88","15,49","15,58","14,37","4,31M","-1,59%"
"31.07.2018","15,12","14,33","15,58","14,33","3,68M","6,18%"
"30.07.2018","14,24","14,42","14,47","14,14","1,16M","-2,20%"
"27.07.2018","14,56","14,61","14,79","14,25","1,09M","0,00%"
"26.07.2018","14,56","14,19","14,77","14,14","1,28M","2,97%"
"25.07.2018","14,14","14,42","14,54","14,10","1,41M","-1,60%"
"24.07.2018","14,37","14,37","14,56","14,19","1,61M","-0,35%"
"23.07.2018","14,42","14,70","14,84","14,14","2,48M","-2,50%"
"20.07.2018","14,79","15,21","15,26","14,75","1,31M","-3,08%"
"19.07.2018","15,26","15,07","15,53","14,61","1,61M","0,66%"
"18.07.2018","15,16","15,44","15,58","14,93","1,44M","-3,01%"
"17.07.2018","15,63","15,53","15,86","15,35","1,04M","0,90%"
"16.07.2018","15,49","15,90","15,95","15,30","1,27M","-2,02%"
"13.07.2018","15,81","15,81","15,90","15,33","1,44M","0,25%"
"12.07.2018","15,77","16,14","16,32","15,67","1,90M","-2,29%"
"11.07.2018","16,14","16,09","16,55","15,86","1,72M","0,31%"
"10.07.2018","16,09","16,04","16,14","15,77","896,94K","1,19%"
"09.07.2018","15,90","16,09","16,32","15,72","1,49M","-0,87%"
"06.07.2018","16,04","15,53","16,18","15,47","1,73M","2,95%"
"05.07.2018","15,58","14,84","15,63","14,84","1,62M","5,99%"
"03.07.2018","14,70","14,79","14,79","14,44","729,27K","0,62%"
"02.07.2018","14,61","14,70","14,75","14,42","1,16M","-0,95%"
"29.06.2018","14,75","15,02","15,02","14,65","999,04K","-1,54%"
"28.06.2018","14,98","14,51","15,02","14,51","1,09M","3,52%"
"27.06.2018","14,47","14,70","15,12","14,37","1,33M","-1,56%"
"26.06.2018","14,70","15,30","15,34","14,61","2,19M","-3,92%"
"25.06.2018","15,30","15,39","15,49","15,02","1,45M","-0,58%"
"22.06.2018","15,39","16,00","16,14","15,26","2,29M","-3,51%"
"21.06.2018","15,95","15,67","16,28","15,49","2,40M","3,64%"
"20.06.2018","15,39","15,26","15,51","14,84","1,61M","2,12%"
"19.06.2018","15,07","14,75","15,07","14,54","983,46K","1,55%"
"18.06.2018","14,84","14,42","14,93","14,37","1,41M","2,56%"
"15.06.2018","14,47","14,61","14,65","14,31","1,45M","-0,96%"
"14.06.2018","14,61","14,33","14,65","14,24","1,30M","1,95%"
"13.06.2018","14,33","14,79","14,79","14,26","1,04M","-1,24%"
"12.06.2018","14,51","13,86","14,56","13,73","1,59M","4,69%"
"11.06.2018","13,86","13,40","14,03","13,40","1,59M","3,43%"
"08.06.2018","13,40","13,45","13,52","13,21","1,36M","-1,40%"
"07.06.2018","13,59","13,63","13,80","13,45","1,25M","-0,29%"
"06.06.2018","13,63","13,63","13,68","13,40","1,40M","-0,37%"
"05.06.2018","13,68","13,49","13,89","13,40","1,34M","1,41%"
"04.06.2018","13,49","13,68","13,82","13,35","1,41M","-1,75%"
"01.06.2018","13,73","13,77","13,86","13,54","927,74K","0,00%"
"31.05.2018","13,73","13,77","13,86","13,59","1,01M","-0,29%"
"30.05.2018","13,77","13,45","13,86","13,35","1,32M","2,76%"
"29.05.2018","13,40","13,91","13,91","13,31","2,35M","-4,01%"
"25.05.2018","13,96","14,14","14,40","13,82","1,44M","-1,27%"
"24.05.2018","14,14","14,10","14,37","13,96","2,14M","0,28%"
"23.05.2018","14,10","14,47","14,58","14,00","1,60M","-2,56%"
"22.05.2018","14,47","14,93","15,02","14,42","1,66M","-2,76%"
"21.05.2018","14,88","14,93","15,07","14,70","1,40M","-0,33%"
"18.05.2018","14,93","15,39","15,49","14,79","1,47M","-2,99%"
"17.05.2018","15,39","15,49","15,77","15,16","853,22K","0,00%"
"16.05.2018","15,39","15,30","15,53","15,21","793,35K","0,26%"
"15.05.2018","15,35","15,21","15,49","15,12","920,07K","0,92%"
"14.05.2018","15,21","15,16","15,44","15,16","971,85K","0,60%"
"11.05.2018","15,12","15,30","15,39","14,93","1,08M","-0,92%"
"10.05.2018","15,26","14,98","15,63","14,98","1,73M","2,55%"
"09.05.2018","14,88","15,53","15,63","14,75","2,26M","-4,49%"
"08.05.2018","15,58","16,32","16,32","15,30","4,72M","-2,32%"
"07.05.2018","15,95","15,26","16,14","15,16","2,56M","5,49%"
"04.05.2018","15,12","15,35","15,58","14,98","1,59M","-1,50%"
"03.05.2018","15,35","15,30","15,53","15,07","1,47M","0,33%"
"02.05.2018","15,30","15,26","15,63","15,16","918,61K","0,59%"
"01.05.2018","15,21","16,14","16,32","15,12","2,02M","-6,00%"
"30.04.2018","16,18","16,00","16,25","15,90","1,08M","1,44%"
"27.04.2018","15,95","15,95","16,32","15,77","1,16M","0,00%"
"26.04.2018","15,95","16,00","16,23","15,86","873,79K","-0,31%"
"25.04.2018","16,00","15,95","16,04","15,67","1,21M","0,31%"
"24.04.2018","15,95","16,04","16,04","15,58","1,03M","0,31%"
"23.04.2018","15,90","15,77","16,28","15,67","1,20M","0,82%"
"20.04.2018","15,77","16,09","16,23","15,53","2,13M","-1,44%"
"19.04.2018","16,00","16,37","16,65","15,90","1,59M","-1,72%"
"18.04.2018","16,28","16,28","16,55","15,95","1,47M","0,87%"
"17.04.2018","16,14","16,14","16,41","15,90","1,55M","1,51%"
"16.04.2018","15,90","15,90","16,28","15,63","1,83M","1,15%"
"13.04.2018","15,72","15,35","15,77","15,12","1,09M","2,75%"
"12.04.2018","15,30","15,53","15,67","15,21","896,47K","-1,23%"
"11.04.2018","15,49","15,49","15,77","15,44","973,28K","-0,58%"
"10.04.2018","15,58","15,39","15,77","15,30","1,58M","2,10%"
"09.04.2018","15,26","15,39","15,63","15,26","1,42M","0,00%"
"06.04.2018","15,26","15,02","15,58","14,93","2,31M","0,66%"
"05.04.2018","15,16","14,47","15,21","14,24","2,89M","6,16%"
"04.04.2018","14,28","13,91","14,65","13,73","2,90M","0,99%"
"03.04.2018","14,14","13,17","14,21","13,17","2,41M","7,77%"
"02.04.2018","13,12","12,94","13,54","12,94","1,86M","0,69%"
"29.03.2018","13,03","12,61","13,22","12,61","1,43M","4,07%"
"28.03.2018","12,52","12,66","13,08","12,47","1,29M","-0,71%"
"27.03.2018","12,61","13,03","13,08","12,57","1,39M","-2,55%"
"26.03.2018","12,94","13,08","13,12","12,75","946,63K","0,39%"
"23.03.2018","12,89","12,84","13,26","12,71","1,47M","0,70%"
"22.03.2018","12,80","12,94","13,26","12,59","1,41M","-2,44%"
"21.03.2018","13,12","12,94","13,54","12,94","1,01M","0,69%"
"20.03.2018","13,03","13,17","13,45","12,94","1,15M","-0,69%"
"19.03.2018","13,12","13,17","13,17","12,75","1,99M","-0,38%"
"16.03.2018","13,17","13,73","13,73","12,98","2,36M","-3,73%"
"15.03.2018","13,68","13,96","14,05","13,59","1,05M","-2,01%"
"14.03.2018","13,96","13,82","14,03","13,63","1,06M","2,05%"
"13.03.2018","13,68","14,56","14,70","13,59","2,21M","-5,72%"
"12.03.2018","14,51","14,56","14,68","14,33","1,13M","-0,34%"
"09.03.2018","14,56","14,28","14,70","14,19","1,38M","0,97%"
"08.03.2018","14,42","14,47","14,84","14,37","1,28M","-0,96%"
"07.03.2018","14,56","14,75","14,82","14,14","1,39M","-1,56%"
"06.03.2018","14,79","14,65","14,91","14,19","1,71M","1,23%"
"05.03.2018","14,61","14,65","14,84","14,42","2,16M","0,00%"
"02.03.2018","14,61","13,63","14,70","13,45","3,27M","6,80%"
"01.03.2018","13,68","14,79","14,84","13,45","3,74M","-1,65%"
"28.02.2018","13,91","14,65","14,72","13,77","3,74M","-4,79%"
"27.02.2018","14,61","14,33","14,72","14,10","2,17M","1,95%"
"26.02.2018","14,33","13,77","14,75","13,77","3,67M","4,07%"
"23.02.2018","13,77","13,49","13,82","13,26","1,83M","3,85%"
"22.02.2018","13,26","13,45","13,82","13,22","1,46M","-0,67%"
"21.02.2018","13,35","13,45","13,77","13,31","1,16M","-0,74%"
"20.02.2018","13,45","13,59","13,91","13,27","2,00M","0,75%"
"16.02.2018","13,35","13,59","13,82","13,26","1,44M","-1,77%"
"15.02.2018","13,59","13,35","13,80","13,19","2,15M","2,80%"
"14.02.2018","13,22","12,71","13,44","12,71","1,98M","2,96%"
"13.02.2018","12,84","12,89","13,08","12,57","1,86M","-0,39%"
"12.02.2018","12,89","12,66","13,29","12,43","1,73M","3,37%"
"09.02.2018","12,47","12,71","12,80","11,96","2,10M","-2,20%"
"08.02.2018","12,75","13,26","13,26","12,64","1,56M","-3,19%"
"07.02.2018","13,17","12,75","13,35","12,71","2,73M","3,29%"
"06.02.2018","12,75","12,06","12,80","11,87","1,93M","2,99%"
"05.02.2018","12,38","12,80","12,89","12,24","1,62M","-4,33%"
"02.02.2018","12,94","12,52","13,19","12,38","2,68M","3,35%"
"01.02.2018","12,52","11,87","12,61","11,73","2,19M","5,48%"
"31.01.2018","11,87","11,69","11,92","11,64","1,19M","1,54%"
"30.01.2018","11,69","11,82","11,92","11,59","2,49M","-1,93%"
"29.01.2018","11,92","11,87","12,01","11,73","2,05M","0,00%"
"26.01.2018","11,92","12,20","12,24","11,50","3,57M","-2,30%"
"25.01.2018","12,20","12,29","12,33","12,06","1,18M","-0,33%"
"24.01.2018","12,24","12,43","12,66","12,15","1,72M","-1,53%"
"23.01.2018","12,43","12,38","12,71","12,20","1,73M","1,14%"
"22.01.2018","12,29","12,29","12,43","12,10","1,98M","0,41%"
"19.01.2018","12,24","12,38","12,47","12,15","1,31M","-1,53%"
"18.01.2018","12,43","12,75","12,80","12,38","1,97M","-2,51%"
"17.01.2018","12,75","12,71","12,94","12,66","1,02M","0,71%"
"16.01.2018","12,66","13,45","13,54","12,62","2,26M","-5,52%"
"12.01.2018","13,40","13,12","13,63","12,94","4,66M","2,45%"
"11.01.2018","13,08","12,89","13,12","12,75","2,15M","1,08%"
"10.01.2018","12,94","12,61","13,22","12,57","2,68M","0,39%"
"09.01.2018","12,89","12,75","12,98","12,57","2,00M","0,70%"
"08.01.2018","12,80","13,26","13,31","12,66","2,35M","-2,14%"
"05.01.2018","13,08","13,45","13,51","13,03","2,01M","-2,39%"
"04.01.2018","13,40","13,91","14,00","13,31","2,14M","-3,67%"
"03.01.2018","13,91","14,33","14,37","13,82","1,63M","-2,59%"
"02.01.2018","14,28","14,10","14,51","13,82","2,26M","2,00%"
"29.12.2017","14,00","13,77","14,31","13,68","2,65M","1,67%"
"28.12.2017","13,77","13,03","13,82","12,98","2,51M","5,28%"
"27.12.2017","13,08","13,31","13,35","12,98","2,02M","-2,02%"
"26.12.2017","13,35","13,73","13,86","13,10","3,50M","-3,40%"
"22.12.2017","13,82","14,28","14,37","13,63","2,65M","-3,22%"
"21.12.2017","14,28","14,00","14,47","13,96","2,87M","3,70%"
"20.12.2017","13,77","14,19","14,19","13,73","2,26M","-2,62%"
"19.12.2017","14,14","14,14","14,24","13,91","1,50M","0,00%"
"18.12.2017","14,14","14,00","14,28","13,31","3,67M","1,00%"
"15.12.2017","14,00","14,61","14,75","13,82","4,41M","-4,44%"
"14.12.2017","14,65","14,10","14,65","14,10","2,38M","4,27%"
"13.12.2017","14,05","14,24","14,24","13,56","2,70M","-0,64%"
"12.12.2017","14,14","14,51","14,84","14,05","3,31M","0,00%"
"11.12.2017","14,14","13,54","14,33","13,54","3,13M","4,05%"
"08.12.2017","13,59","13,35","13,63","13,17","1,90M","2,10%"
"07.12.2017","13,31","13,12","13,45","13,03","1,93M","0,68%"
"06.12.2017","13,22","13,82","13,91","13,12","3,83M","-1,34%"
"05.12.2017","13,40","13,59","13,82","13,26","3,17M","1,06%"
"04.12.2017","13,26","13,12","13,59","13,03","2,22M","2,16%"
"01.12.2017","12,98","13,03","13,26","12,65","2,26M","-1,82%"
"30.11.2017","13,22","14,51","14,51","13,03","5,28M","-7,42%"
"29.11.2017","14,28","15,12","15,21","13,91","4,24M","-4,67%"
"28.11.2017","14,98","13,86","15,21","13,35","7,54M","8,39%"
"27.11.2017","13,82","12,98","13,91","12,91","4,00M","7,63%"
"24.11.2017","12,84","12,15","13,03","12,14","1,74M","4,90%"
"22.11.2017","12,24","11,69","12,36","11,59","2,50M","3,90%"
"21.11.2017","11,78","11,92","12,01","11,59","1,63M","-0,34%"
"20.11.2017","11,82","11,87","11,96","11,41","2,04M","-1,58%"
"17.11.2017","12,01","11,59","12,20","11,50","2,88M","3,98%"
"16.11.2017","11,55","11,69","12,01","11,41","2,68M","-0,77%"
"15.11.2017","11,64","11,36","11,78","11,04","3,62M","2,92%"
"14.11.2017","11,31","10,94","11,36","10,67","3,24M","4,72%"
"13.11.2017","10,80","10,34","10,85","10,02","4,07M","5,88%"
"10.11.2017","10,20","10,62","10,76","10,11","4,08M","-3,50%"
"09.11.2017","10,57","10,90","11,13","10,53","4,53M","-3,38%"
"08.11.2017","10,94","11,18","11,36","10,80","4,52M","-4,12%"
"07.11.2017","11,41","10,99","11,96","10,43","8,40M","0,88%"
"06.11.2017","11,31","11,18","11,45","10,62","6,64M","2,45%"
"03.11.2017","11,04","12,01","12,10","10,94","5,83M","-7,38%"
"02.11.2017","11,92","12,33","12,38","11,78","3,65M","-4,41%"
"01.11.2017","12,47","13,08","13,08","12,15","3,74M","-3,26%"
"31.10.2017","12,89","12,80","13,26","12,80","2,31M","0,00%"
"30.10.2017","12,89","13,63","13,77","12,75","3,91M","-5,77%"
"27.10.2017","13,68","13,59","13,86","13,26","1,59M","0,37%"
"26.10.2017","13,63","13,08","13,86","13,08","2,54M","4,60%"
"25.10.2017","13,03","13,59","13,68","12,98","1,69M","-1,73%"
"24.10.2017","13,26","13,12","13,35","12,98","1,26M","1,07%"
"23.10.2017","13,12","12,98","13,31","12,94","1,15M","1,08%"
"20.10.2017","12,98","13,31","13,49","12,94","2,07M","-1,82%"
"19.10.2017","13,22","12,57","13,26","12,52","2,27M","4,84%"
"18.10.2017","12,61","12,71","13,03","12,57","2,51M","-1,10%"
"17.10.2017","12,75","12,84","12,98","12,61","1,32M","0,00%"
"16.10.2017","12,75","12,71","13,08","12,66","1,28M","0,00%"
"13.10.2017","12,75","12,75","13,03","12,75","1,13M","-0,70%"
"12.10.2017","12,84","12,89","12,94","12,38","2,28M","0,71%"
"11.10.2017","12,75","12,84","13,12","12,57","2,67M","-0,70%"
"10.10.2017","12,84","13,12","13,26","12,66","3,45M","-1,08%"
"09.10.2017","12,98","14,10","14,10","12,82","6,33M","-7,94%"
"06.10.2017","14,10","14,79","14,94","14,00","2,86M","-5,24%"
"05.10.2017","14,88","14,93","15,30","14,54","1,88M","1,57%"
"04.10.2017","14,65","14,75","14,88","14,37","1,40M","-0,68%"
"03.10.2017","14,75","13,68","14,79","13,68","3,29M","8,22%"
"02.10.2017","13,63","13,91","14,05","13,40","1,97M","0,00%"
"29.09.2017","13,63","13,77","13,91","13,22","3,38M","-2,01%"
"28.09.2017","13,91","14,24","14,24","13,68","3,10M","-3,20%"
"27.09.2017","14,37","14,37","14,58","13,93","2,16M","0,63%"
"26.09.2017","14,28","14,10","14,61","14,00","1,82M","1,64%"
"25.09.2017","14,05","14,61","14,98","13,96","4,65M","-4,75%"
"22.09.2017","14,75","14,65","14,84","14,28","1,65M","0,68%"
"21.09.2017","14,65","14,33","14,70","14,00","2,60M","2,88%"
"20.09.2017","14,24","14,61","15,07","14,10","2,93M","-1,86%"
"19.09.2017","14,51","15,49","15,49","14,37","3,90M","-6,02%"
"18.09.2017","15,44","15,95","16,37","15,02","4,19M","-1,78%"
"15.09.2017","15,72","14,93","15,88","14,93","6,67M","5,65%"
"14.09.2017","14,88","14,10","15,16","14,10","7,20M","5,53%"
"13.09.2017","14,10","13,22","14,24","13,12","3,64M","7,06%"
"12.09.2017","13,17","12,98","13,47","12,98","2,42M","0,69%"
"11.09.2017","13,08","12,57","13,35","12,52","2,33M","5,65%"
"08.09.2017","12,38","12,52","12,84","12,10","2,16M","-3,28%"
"07.09.2017","12,80","13,35","13,54","12,73","7,73M","-4,12%"
"06.09.2017","13,35","13,45","13,54","13,12","2,98M","-0,74%"
"05.09.2017","13,45","13,17","13,52","13,03","5,53M","2,52%"
"01.09.2017","13,12","12,24","13,31","12,24","3,23M","5,55%"
"31.08.2017","12,43","12,47","12,71","12,29","2,36M","-0,32%"
"30.08.2017","12,47","11,87","12,52","11,73","3,28M","4,61%"
"29.08.2017","11,92","11,92","12,01","11,55","3,03M","-1,49%"
"28.08.2017","12,10","12,10","12,29","11,82","3,42M","1,17%"
"25.08.2017","11,96","12,01","12,29","11,82","1,98M","0,76%"
"24.08.2017","11,87","11,64","12,40","11,59","2,14M","1,98%"
"23.08.2017","11,64","11,82","11,87","11,50","2,67M","-2,35%"
"22.08.2017","11,92","12,20","12,47","11,62","2,99M","-1,49%"
"21.08.2017","12,10","12,06","12,20","11,52","4,05M","0,33%"
"18.08.2017","12,06","12,15","12,24","11,18","7,12M","-1,15%"
"17.08.2017","12,20","12,33","12,89","12,20","3,27M","-1,05%"
"16.08.2017","12,33","12,38","12,75","12,20","2,57M","0,33%"
"15.08.2017","12,29","12,71","12,84","11,96","3,69M","-2,54%"
"14.08.2017","12,61","13,26","13,40","12,52","3,17M","-3,22%"
"11.08.2017","13,03","13,35","13,49","12,66","3,63M","-2,76%"
"10.08.2017","13,40","14,33","14,37","13,35","3,39M","-6,75%"
"09.08.2017","14,37","14,84","14,93","14,33","2,46M","-4,07%"
"08.08.2017","14,98","14,93","15,26","14,93","2,35M","0,33%"
"07.08.2017","14,93","15,02","15,26","14,88","3,08M","-0,93%"
"04.08.2017","15,07","14,51","15,44","14,37","6,60M","7,64%"
"03.08.2017","14,00","14,10","14,14","13,73","5,69M","-0,71%"
"02.08.2017","14,10","14,65","14,88","14,05","16,90M","-26,91%"
"01.08.2017","19,29","18,97","19,38","18,83","2,15M","1,96%"
"31.07.2017","18,92","19,10","19,20","18,78","1,55M","-0,47%"
"28.07.2017","19,01","19,06","19,24","18,97","1,35M","-0,99%"
"27.07.2017","19,20","19,61","19,61","19,01","1,89M","-1,64%"
"26.07.2017","19,52","19,34","19,66","19,20","1,63M","0,93%"
"25.07.2017","19,34","19,01","19,48","19,01","1,36M","1,74%"
"24.07.2017","19,01","18,92","19,29","18,78","1,58M","0,74%"
"21.07.2017","18,87","19,06","19,34","18,71","1,28M","-1,20%"
"20.07.2017","19,10","18,50","19,50","18,46","2,53M","3,75%"
"19.07.2017","18,41","18,46","18,97","18,36","3,34M","-1,23%"
"18.07.2017","18,64","18,27","19,01","18,27","3,94M","2,03%"
"17.07.2017","18,27","19,71","19,71","18,22","6,24M","-10,04%"
"14.07.2017","20,31","20,50","20,52","20,19","876,47K","-1,12%"
"13.07.2017","20,54","19,75","20,68","19,75","976,25K","3,48%"
"12.07.2017","19,85","20,77","20,77","19,71","1,59M","-4,01%"
"11.07.2017","20,68","19,94","20,77","19,94","1,07M","3,71%"
"10.07.2017","19,94","20,26","20,40","19,89","1,30M","-2,06%"
"07.07.2017","20,36","20,03","20,63","19,71","1,47M","1,39%"
"06.07.2017","20,08","20,68","20,68","19,89","2,06M","-3,55%"
"05.07.2017","20,82","21,56","21,89","20,63","1,90M","-3,25%"
"03.07.2017","21,52","21,24","21,65","21,14","837,05K","1,99%"
"30.06.2017","21,10","21,98","21,98","21,01","2,17M","-3,78%"
"29.06.2017","21,93","22,16","22,26","21,61","1,04M","-1,04%"
"28.06.2017","22,16","21,79","22,44","21,79","1,40M","2,36%"
"27.06.2017","21,65","21,89","22,21","21,52","1,16M","-0,87%"
"26.06.2017","21,84","21,79","22,05","21,56","1,60M","-0,23%"
"23.06.2017","21,89","21,42","22,03","20,87","2,38M","2,39%"
"22.06.2017","21,38","21,19","21,40","20,54","3,22M","0,00%"
"21.06.2017","21,38","21,84","21,89","20,96","1,97M","-2,33%"
"20.06.2017","21,89","22,77","22,81","21,56","2,58M","-4,62%"
"19.06.2017","22,95","22,91","23,23","22,83","1,70M","0,39%"
"16.06.2017","22,86","22,21","22,91","22,03","1,86M","2,51%"
"15.06.2017","22,30","22,26","22,50","22,05","841,23K","-0,62%"
"14.06.2017","22,44","22,77","22,81","22,35","1,11M","-0,22%"
"13.06.2017","22,49","21,89","22,63","21,89","1,61M","3,21%"
"12.06.2017","21,79","21,70","22,03","21,52","1,67M","0,83%"
"09.06.2017","21,61","21,89","22,07","21,56","1,95M","-1,46%"
"08.06.2017","21,93","21,98","22,12","21,52","1,60M","-0,45%"
"07.06.2017","22,03","22,68","23,00","22,03","2,67M","-2,65%"
"06.06.2017","22,63","23,00","23,23","22,26","3,40M","-2,37%"
"05.06.2017","23,18","22,86","23,72","22,68","3,88M","0,78%"
"02.06.2017","23,00","22,03","23,05","21,98","4,18M","5,75%"
"01.06.2017","21,75","20,77","22,07","20,73","2,71M","4,22%"
"31.05.2017","20,87","21,65","21,84","20,73","3,61M","-3,60%"
"30.05.2017","21,65","22,72","22,81","21,61","2,39M","-5,50%"
"26.05.2017","22,91","21,75","23,37","21,65","3,36M","5,58%"
"25.05.2017","21,70","21,84","22,12","21,45","2,74M","-0,41%"
"24.05.2017","21,79","22,91","22,91","21,75","3,28M","-4,68%"
"23.05.2017","22,86","23,23","23,46","22,81","1,33M","-1,38%"
"22.05.2017","23,18","23,46","23,74","23,09","1,87M","-1,19%"
"19.05.2017","23,46","22,68","23,70","22,68","2,11M","3,26%"
"18.05.2017","22,72","22,77","22,95","22,54","1,66M","-0,39%"
"17.05.2017","22,81","23,65","23,74","22,77","1,97M","-4,48%"
"16.05.2017","23,88","24,67","24,90","23,65","2,33M","-2,65%"
"15.05.2017","24,53","25,04","25,04","24,02","2,56M","-1,68%"
"12.05.2017","24,95","25,50","25,50","24,76","2,01M","-2,16%"
"11.05.2017","25,50","25,92","26,01","25,41","1,44M","-1,62%"
"10.05.2017","25,92","26,71","26,80","25,41","2,81M","-3,28%"
"09.05.2017","26,80","27,17","27,91","26,66","3,06M","0,34%"
"08.05.2017","26,71","27,17","27,24","26,43","1,89M","-1,04%"
"05.05.2017","26,99","27,31","27,47","26,89","1,31M","-1,03%"
"04.05.2017","27,27","27,96","27,96","27,17","1,24M","-2,29%"
"03.05.2017","27,91","27,68","27,97","27,59","831,97K","0,14%"
"02.05.2017","27,87","27,59","27,87","27,43","1,05M","0,83%"
"01.05.2017","27,64","28,24","28,33","27,54","1,27M","-1,64%"
"28.04.2017","28,10","28,47","28,47","27,82","1,37M","-1,30%"
"27.04.2017","28,47","28,93","28,98","28,33","773,89K","-1,59%"
"26.04.2017","28,93","28,75","29,12","28,61","1,09M","0,63%"
"25.04.2017","28,75","28,61","29,03","28,61","836,95K","0,98%"
"24.04.2017","28,47","28,93","28,93","28,24","1,43M","-0,66%"
"21.04.2017","28,66","28,75","28,93","28,38","986,50K","-0,14%"
"20.04.2017","28,70","28,38","29,17","28,29","1,96M","1,81%"
"19.04.2017","28,19","28,33","28,47","28,03","723,81K","-0,35%"
"18.04.2017","28,29","28,38","28,47","28,01","630,37K","-0,63%"
"17.04.2017","28,47","28,24","28,47","28,10","582,62K","1,64%"
"13.04.2017","28,01","28,15","28,38","27,78","1,10M","-0,32%"
"12.04.2017","28,10","28,33","28,59","27,91","1,12M","-1,30%"
"11.04.2017","28,47","28,38","28,61","28,15","712,54K","0,18%"
"10.04.2017","28,42","28,33","28,47","27,91","782,46K","0,96%"
"07.04.2017","28,15","28,47","28,66","28,05","1,10M","-1,44%"
"06.04.2017","28,56","28,70","28,75","28,15","932,05K","-7,87%"
"05.04.2017","31,00","31,75","31,80","30,88","1,23M","-1,74%"
"04.04.2017","31,55","31,90","32,05","31,55","1,87M","-0,94%"
"03.04.2017","31,85","31,85","32,10","31,50","2,42M","1,27%"
"31.03.2017","31,45","31,20","31,60","31,00","1,75M","0,96%"
"30.03.2017","31,15","30,90","31,25","30,70","1,65M","0,65%"
"29.03.2017","30,95","30,55","31,00","30,40","1,38M","1,31%"
"28.03.2017","30,55","30,70","30,75","30,25","1,31M","-0,81%"
"27.03.2017","30,80","30,35","30,95","30,25","1,44M","-0,16%"
"24.03.2017","30,85","30,40","30,98","30,30","1,72M","2,15%"
"23.03.2017","30,20","30,40","30,70","30,20","853,92K","-0,33%"
"22.03.2017","30,30","30,05","30,50","29,95","843,05K","0,50%"
"21.03.2017","30,15","30,75","31,00","30,15","828,11K","-1,47%"
"20.03.2017","30,60","30,55","31,15","30,55","946,82K","0,00%"
"17.03.2017","30,60","30,30","30,70","30,30","1,76M","1,32%"
"16.03.2017","30,20","30,10","30,40","30,00","1,02M","0,33%"
"15.03.2017","30,10","30,00","30,38","29,55","1,19M","-1,47%"
"14.03.2017","30,55","30,35","30,82","30,25","1,58M","0,49%"
"13.03.2017","30,40","30,00","30,65","29,95","1,91M","0,83%"
"10.03.2017","30,15","29,70","30,20","29,65","1,48M","2,03%"
"09.03.2017","29,55","29,45","29,90","29,40","1,12M","0,00%"
"08.03.2017","29,55","29,50","29,90","29,35","1,06M","0,34%"
"07.03.2017","29,45","29,30","29,65","29,25","1,23M","0,51%"
"06.03.2017","29,30","29,40","29,65","29,20","1,13M","-0,34%"
"03.03.2017","29,40","29,70","29,80","29,10","2,64M","-1,18%"
"02.03.2017","29,75","30,25","30,60","29,75","1,81M","-2,14%"
"01.03.2017","30,40","31,50","31,55","29,30","3,87M","-3,03%"
"28.02.2017","31,35","31,15","31,50","30,95","3,96M","-0,32%"
"27.02.2017","31,45","31,25","31,50","31,02","1,77M","0,16%"
"24.02.2017","31,40","31,10","31,45","30,95","1,14M","0,16%"
"23.02.2017","31,35","31,25","31,45","31,05","1,28M","0,00%"
"22.02.2017","31,35","30,80","31,40","30,65","1,54M","1,62%"
"21.02.2017","30,85","31,25","31,25","30,45","1,20M","-1,12%"
"17.02.2017","31,20","31,25","31,32","31,00","1,66M","-0,16%"
"16.02.2017","31,25","31,35","31,45","31,10","691,16K","-0,79%"
"15.02.2017","31,50","31,30","31,55","31,15","951,21K","0,32%"
"14.02.2017","31,40","31,45","31,50","31,20","1,20M","0,16%"
"13.02.2017","31,35","31,40","31,50","31,10","1,42M","0,00%"
"10.02.2017","31,35","31,15","31,50","31,00","3,13M","1,13%"
"09.02.2017","31,00","31,00","31,25","30,95","2,68M","-0,16%"
"08.02.2017","31,05","31,05","31,73","30,80","12,42M","-4,46%"
"07.02.2017","32,50","32,80","32,90","32,35","280,61K","-0,46%"
"06.02.2017","32,65","32,70","32,95","32,60","246,27K","-0,76%"
"03.02.2017","32,90","33,10","33,30","32,85","238,53K","-0,45%"
"02.02.2017","33,05","33,10","33,40","32,83","437,61K","0,15%"
"01.02.2017","33,00","33,50","33,85","32,70","886,20K","-2,22%"
"31.01.2017","33,75","34,00","34,12","33,75","452,85K","-1,17%"
"30.01.2017","34,15","34,65","34,65","33,78","391,83K","0,44%"
"27.01.2017","34,00","34,25","34,30","33,90","300,16K","-0,73%"
"26.01.2017","34,25","34,25","34,60","34,15","338,64K","0,29%"
"25.01.2017","34,15","34,60","34,60","34,05","303,35K","-0,44%"
"24.01.2017","34,30","34,35","34,60","34,15","330,66K","0,59%"
"23.01.2017","34,10","34,35","34,90","33,70","502,23K","-0,58%"
"20.01.2017","34,30","33,95","34,40","33,90","320,66K","1,18%"
"19.01.2017","33,90","33,80","33,90","33,55","213,70K","0,30%"
"18.01.2017","33,80","33,85","33,90","33,30","252,34K","-0,29%"
"17.01.2017","33,90","34,15","34,30","33,85","181,37K","-1,02%"
"13.01.2017","34,25","34,20","34,40","33,90","180,24K","0,74%"
"12.01.2017","34,00","34,20","34,40","33,55","192,04K","-0,87%"
"11.01.2017","34,30","34,20","34,50","34,00","210,21K","0,44%"
"10.01.2017","34,15","33,40","34,50","33,30","705,11K","2,55%"
"09.01.2017","33,30","33,65","34,05","33,25","415,10K","-1,48%"
"06.01.2017","33,80","34,05","34,35","33,70","337,22K","-0,59%"
"05.01.2017","34,00","34,25","34,45","33,50","443,21K","-0,58%"
"04.01.2017","34,20","34,00","34,80","34,00","547,92K","-1,58%"
"03.01.2017","34,75","34,05","34,75","33,90","766,08K","3,27%"
"30.12.2016","33,65","34,20","34,30","33,60","378,10K","-1,61%"
"29.12.2016","34,20","34,60","34,70","33,65","562,23K","-1,01%"
"28.12.2016","34,55","35,45","35,50","34,50","511,51K","-2,54%"
"27.12.2016","35,45","35,45","35,50","35,20","348,33K","0,42%"
"23.12.2016","35,30","35,00","35,30","34,60","528,41K","0,57%"
"22.12.2016","35,10","34,60","35,12","34,55","881,58K","1,15%"
"21.12.2016","34,70","33,70","35,00","33,35","817,14K","3,74%"
"20.12.2016","33,45","33,30","33,70","33,05","713,79K","0,75%"
"19.12.2016","33,20","32,20","33,30","31,90","477,63K","4,08%"
"16.12.2016","31,90","31,95","32,35","31,70","511,57K","-0,31%"
"15.12.2016","32,00","31,75","32,30","31,60","432,08K","0,79%"
"14.12.2016","31,75","31,85","32,15","31,50","391,04K","-0,78%"
"13.12.2016","32,00","32,25","32,50","31,90","408,50K","-1,08%"
"12.12.2016","32,35","32,40","32,70","32,00","536,37K","-0,77%"
"09.12.2016","32,60","32,15","32,65","31,95","545,80K","1,56%"
"08.12.2016","32,10","32,85","33,15","31,90","956,10K","-1,68%"
"07.12.2016","32,65","33,85","33,85","32,60","787,97K","-3,40%"
"06.12.2016","33,80","32,80","34,10","32,75","376,48K","2,11%"
"05.12.2016","33,10","32,50","33,35","32,35","235,48K","2,64%"
"02.12.2016","32,25","33,55","33,60","31,95","529,10K","-3,73%"
"01.12.2016","33,50","34,00","34,25","33,25","523,26K","-1,33%"
"30.11.2016","33,95","34,80","34,80","33,85","277,39K","-1,74%"
"29.11.2016","34,55","34,10","34,62","33,95","463,76K","1,92%"
"28.11.2016","33,90","35,00","35,08","33,85","192,70K","-3,00%"
"25.11.2016","34,95","35,05","35,05","34,80","188,09K","0,14%"
"23.11.2016","34,90","34,80","35,05","34,60","231,12K","0,58%"
"22.11.2016","34,70","35,00","35,05","34,65","285,07K","-0,14%"
"21.11.2016","34,75","35,20","35,35","34,55","315,91K","-0,86%"
"18.11.2016","35,05","35,20","35,30","34,75","278,09K","-1,27%"
"17.11.2016","35,50","34,70","35,65","34,35","411,07K","2,90%"
"16.11.2016","34,50","34,30","34,70","34,15","504,14K","-0,14%"
"15.11.2016","34,55","34,35","34,73","34,25","409,47K","0,14%"
"14.11.2016","34,50","34,85","34,95","34,35","313,16K","0,00%"
"11.11.2016","34,50","33,65","34,70","33,48","635,56K","3,29%"
"10.11.2016","33,40","33,85","34,15","33,10","308,81K","0,00%"
"09.11.2016","33,40","31,65","33,95","31,65","451,46K","3,57%"
"08.11.2016","32,25","32,35","32,90","31,60","400,31K","0,47%"
"07.11.2016","32,10","31,55","32,25","31,30","202,56K","2,56%"
"04.11.2016","31,30","30,95","31,80","30,95","250,13K","1,62%"
"03.11.2016","30,80","30,45","30,95","30,45","223,15K","0,65%"
"02.11.2016","30,60","30,70","30,85","30,40","236,89K","-0,33%"
"01.11.2016","30,70","31,60","31,60","30,50","223,18K","-2,38%"
"31.10.2016","31,45","31,25","31,55","31,15","210,29K","0,32%"
"28.10.2016","31,35","31,40","31,77","31,10","211,22K","-0,32%"
"27.10.2016","31,45","31,90","31,90","31,05","175,72K","-0,79%"
"26.10.2016","31,70","31,35","32,15","31,35","264,64K","0,32%"
"25.10.2016","31,60","32,15","32,20","31,45","218,78K","-1,56%"
"24.10.2016","32,10","32,20","32,25","31,68","220,56K","0,94%"
"21.10.2016","31,80","31,50","31,93","31,30","208,55K","0,63%"
"20.10.2016","31,60","31,70","31,75","31,40","184,39K","0,16%"
"19.10.2016","31,55","31,80","31,80","31,35","146,27K","-0,16%"
"18.10.2016","31,60","31,90","32,00","31,55","93,93K","0,16%"
"17.10.2016","31,55","31,60","31,75","31,45","115,17K","-0,63%"
"14.10.2016","31,75","31,55","31,95","31,45","171,10K","1,28%"
"13.10.2016","31,35","31,55","31,70","31,30","197,00K","-1,72%"
"12.10.2016","31,90","31,60","32,10","31,55","192,78K","1,27%"
"11.10.2016","31,50","32,35","32,50","31,45","205,70K","-2,48%"
"10.10.2016","32,30","32,10","32,70","32,05","206,58K","0,19%"
"07.10.2016","32,24","32,61","32,83","32,13","220,00K","-0,68%"
"06.10.2016","32,46","32,00","32,65","31,87","214,24K","1,63%"
"05.10.2016","31,94","31,81","32,10","31,63","181,08K","0,98%"
"04.10.2016","31,63","32,38","32,38","31,11","330,11K","-1,83%"
"03.10.2016","32,22","31,85","32,22","31,32","256,27K","3,63%"
"30.09.2016","31,09","30,84","31,30","30,69","181,40K","0,94%"
"29.09.2016","30,80","31,38","31,54","30,78","144,89K","-1,63%"
"28.09.2016","31,31","31,45","31,50","31,01","153,38K","-0,03%"
"27.09.2016","31,32","30,72","31,36","30,57","366,04K","2,25%"
"26.09.2016","30,63","31,07","31,46","30,59","233,76K","-2,23%"
"23.09.2016","31,33","31,48","31,79","31,33","186,43K","-1,04%"
"22.09.2016","31,66","31,79","31,95","31,50","158,88K","0,51%"
"21.09.2016","31,50","31,81","31,99","31,25","217,79K","-0,85%"
"20.09.2016","31,77","32,00","32,28","31,60","238,87K","-0,22%"
"19.09.2016","31,84","32,00","32,00","31,68","277,98K","-0,22%"
"16.09.2016","31,91","31,62","31,96","31,35","391,35K","0,95%"
"15.09.2016","31,61","31,08","31,67","30,93","147,49K","1,97%"
"14.09.2016","31,00","30,99","31,20","30,61","230,32K","0,16%"
"13.09.2016","30,95","30,87","31,05","30,34","231,10K","-0,16%"
"12.09.2016","31,00","30,13","31,05","30,06","235,05K","2,31%"
"09.09.2016","30,30","30,51","30,68","30,23","240,69K","-1,72%"
"08.09.2016","30,83","31,06","31,26","30,70","180,77K","-0,52%"
"07.09.2016","30,99","30,40","31,01","30,32","252,94K","1,51%"
"06.09.2016","30,53","30,49","30,55","30,18","219,42K","0,10%"
"02.09.2016","30,50","30,62","30,70","30,36","117,33K","-0,03%"
"01.09.2016","30,51","30,29","30,51","30,04","229,77K","0,33%"
"31.08.2016","30,41","29,70","30,44","29,70","284,71K","1,98%"
"30.08.2016","29,82","29,74","29,89","29,71","109,27K","0,10%"
"29.08.2016","29,79","29,71","29,94","29,50","147,94K","0,54%"
"26.08.2016","29,63","30,19","30,38","29,56","101,11K","-1,76%"
"25.08.2016","30,16","30,01","30,20","29,95","148,74K","0,20%"
"24.08.2016","30,10","30,02","30,11","29,77","285,32K","1,18%"
"23.08.2016","29,75","29,67","30,16","29,59","193,57K","0,30%"
"22.08.2016","29,66","29,05","29,67","29,05","261,38K","-0,84%"
"19.08.2016","29,91","30,05","30,28","29,72","166,97K","-0,60%"
"18.08.2016","30,09","29,58","30,12","29,57","257,98K","1,45%"
"17.08.2016","29,66","29,73","29,82","29,48","150,81K","-0,30%"
"16.08.2016","29,75","29,53","29,85","29,50","241,33K","0,13%"
"15.08.2016","29,71","29,88","29,93","29,50","531,19K","-0,30%"
"12.08.2016","29,80","29,62","29,81","29,43","265,99K","0,51%"
"11.08.2016","29,65","29,40","29,66","29,07","276,82K","0,85%"
"10.08.2016","29,40","28,92","29,45","28,69","490,46K","1,84%"
"09.08.2016","28,87","29,04","29,04","28,62","371,62K","-0,17%"
"08.08.2016","28,92","29,00","29,21","28,51","359,76K","-0,38%"
"05.08.2016","29,03","28,96","29,06","28,69","482,14K","1,29%"
"04.08.2016","28,66","28,21","29,27","28,16","697,08K","1,52%"
"03.08.2016","28,23","27,83","28,26","27,44","386,07K","1,44%"
"02.08.2016","27,83","28,51","28,51","27,81","314,27K","-2,21%"
"01.08.2016","28,46","27,50","29,05","27,36","733,60K","-3,26%"
"29.07.2016","29,42","29,46","29,91","29,13","396,30K","-0,37%"
"28.07.2016","29,53","29,10","29,55","28,91","339,74K","0,92%"
"27.07.2016","29,26","29,87","30,01","28,59","396,97K","-2,27%"
"26.07.2016","29,94","30,00","30,10","29,75","322,46K","0,07%"
"25.07.2016","29,92","30,51","30,51","29,49","923,26K","-2,22%"
"22.07.2016","30,60","30,08","30,68","29,89","273,87K","1,73%"
"21.07.2016","30,08","29,89","30,42","29,82","176,79K","0,07%"
"20.07.2016","30,06","30,43","30,52","30,04","159,62K","-1,41%"
"19.07.2016","30,49","30,36","30,65","30,10","240,16K","-0,23%"
"18.07.2016","30,56","30,60","30,66","30,08","215,20K","-0,23%"
"15.07.2016","30,63","30,75","30,84","30,00","198,33K","0,10%"
"14.07.2016","30,60","30,85","31,42","30,28","325,34K","-0,10%"
"13.07.2016","30,63","29,89","30,91","29,68","386,66K","2,79%"
"12.07.2016","29,80","28,48","30,27","28,00","399,32K","7,31%"
"11.07.2016","27,77","27,57","27,83","27,53","213,97K","0,65%"
"08.07.2016","27,59","27,81","28,00","27,50","143,26K","0,00%"
"07.07.2016","27,59","27,21","27,67","27,21","76,11K","1,77%"
"06.07.2016","27,11","27,14","27,43","26,97","74,98K","-1,09%"
"05.07.2016","27,41","28,00","28,00","27,10","108,09K","-2,77%"
"01.07.2016","28,19","27,68","28,26","27,35","212,05K","2,10%"
"30.06.2016","27,61","27,43","27,84","27,21","196,82K","0,69%"
"29.06.2016","27,42","26,70","27,53","26,70","152,21K","3,43%"
"28.06.2016","26,51","26,39","26,68","26,23","283,51K","1,88%"
"27.06.2016","26,02","26,59","26,59","25,75","247,80K","-3,41%"
"24.06.2016","26,94","26,35","26,97","26,25","306,15K","-1,10%"
"23.06.2016","27,24","27,26","27,57","27,14","93,82K","1,15%"
"22.06.2016","26,93","27,04","27,49","26,88","87,51K","-0,63%"
"21.06.2016","27,10","27,37","27,60","26,68","84,69K","-1,09%"
"20.06.2016","27,40","27,48","27,72","27,40","109,84K","1,29%"
"17.06.2016","27,05","27,31","27,78","26,97","215,77K","-0,66%"
"16.06.2016","27,23","27,46","27,47","26,66","186,81K","1,38%"
"15.06.2016","26,86","26,62","27,00","26,44","125,02K","1,05%"
"14.06.2016","26,58","26,51","27,02","26,43","222,85K","0,19%"
"13.06.2016","26,53","27,16","27,26","26,33","182,10K","-1,52%"
"10.06.2016","26,94","27,44","27,50","26,82","200,73K","-3,16%"
"09.06.2016","27,82","27,74","27,85","27,48","101,33K","-0,29%"
"08.06.2016","27,90","28,05","28,10","27,78","152,44K","-0,04%"
"07.06.2016","27,91","28,07","28,10","27,89","181,99K","-0,99%"
"06.06.2016","28,19","28,69","28,70","28,13","158,84K","-1,36%"
"03.06.2016","28,58","28,98","28,98","28,35","138,54K","-1,41%"
"02.06.2016","28,99","28,69","28,99","28,51","231,18K","0,21%"
"01.06.2016","28,93","28,60","28,98","28,14","243,64K","0,66%"
"31.05.2016","28,74","29,21","29,28","28,60","146,80K","-1,30%"
"27.05.2016","29,12","28,50","29,16","28,50","143,10K","2,07%"
"26.05.2016","28,53","28,49","28,89","28,45","137,05K","0,18%"
"25.05.2016","28,48","28,64","28,75","28,25","198,91K","-0,63%"
"24.05.2016","28,66","28,27","28,82","28,15","174,00K","1,81%"
"23.05.2016","28,15","28,19","28,61","28,00","137,95K","-0,28%"
"20.05.2016","28,23","28,03","28,32","27,84","285,28K","0,71%"
"19.05.2016","28,03","28,79","28,86","27,90","191,28K","-3,01%"
"18.05.2016","28,90","29,24","29,41","28,73","160,14K","-1,40%"
"17.05.2016","29,31","29,40","29,54","29,23","228,70K","-0,07%"
"16.05.2016","29,33","29,31","29,49","28,84","155,40K","0,07%"
"13.05.2016","29,31","29,20","29,36","28,96","151,02K","0,27%"
"12.05.2016","29,23","29,75","29,82","28,97","106,50K","-1,42%"
"11.05.2016","29,65","29,84","30,31","29,51","236,09K","-0,94%"
"10.05.2016","29,93","29,22","29,95","29,15","189,51K","2,68%"
"09.05.2016","29,15","29,15","29,29","28,70","232,17K","0,00%"
"06.05.2016","29,15","28,85","29,68","28,50","159,86K","0,97%"
"05.05.2016","28,87","28,94","29,13","28,70","175,20K","0,38%"
"04.05.2016","28,76","28,25","28,89","28,23","248,22K","0,81%"
"03.05.2016","28,53","28,60","28,90","28,45","275,00K","-1,25%"
"02.05.2016","28,89","28,19","29,18","27,66","323,92K","2,52%"
"29.04.2016","28,18","29,50","29,50","26,07","628,85K","-0,18%"
"28.04.2016","28,23","28,25","28,46","28,02","407,65K","0,79%"
"27.04.2016","28,01","27,66","28,27","27,33","214,36K","2,15%"
"26.04.2016","27,42","27,12","27,55","26,65","268,67K","1,59%"
"25.04.2016","26,99","27,06","27,22","26,74","388,34K","-1,71%"
"22.04.2016","27,46","27,58","27,75","27,10","202,74K","0,00%"
"21.04.2016","27,46","27,87","28,25","27,24","173,53K","-1,12%"
"20.04.2016","27,77","27,96","28,17","27,51","142,71K","0,07%"
"19.04.2016","27,75","28,37","28,61","27,68","118,08K","-1,67%"
"18.04.2016","28,22","27,40","28,23","27,40","144,91K","2,36%"
"15.04.2016","27,57","27,90","28,13","27,54","88,50K","-1,04%"
"14.04.2016","27,86","28,06","28,11","27,62","194,73K","-1,07%"
"13.04.2016","28,16","27,66","28,33","27,57","188,72K","2,81%"
"12.04.2016","27,39","26,95","27,66","26,87","157,08K","1,63%"
"11.04.2016","26,95","27,61","27,67","26,88","193,06K","-1,50%"
"08.04.2016","27,36","27,48","27,62","27,02","101,01K","0,22%"
"07.04.2016","27,30","28,03","28,21","27,00","171,77K","-2,92%"
"06.04.2016","28,12","27,64","28,17","27,53","154,11K","2,18%"
"05.04.2016","27,52","27,57","27,90","27,27","123,22K","-1,11%"
"04.04.2016","27,83","28,68","28,71","27,68","219,43K","-2,83%"
"01.04.2016","28,64","27,86","28,74","27,57","273,49K","2,32%"
"31.03.2016","27,99","28,33","28,62","27,92","210,52K","-1,30%"
"30.03.2016","28,36","28,20","28,61","27,85","259,34K","-2,04%"
"29.03.2016","28,95","28,69","29,05","28,17","215,86K","0,77%"
"28.03.2016","28,73","28,32","29,00","28,18","225,02K","2,39%"
"24.03.2016","28,06","27,87","28,10","27,28","200,18K","0,32%"
"23.03.2016","27,97","28,64","29,00","27,93","229,93K","-1,34%"
"22.03.2016","28,35","28,81","28,95","27,95","347,14K","-1,73%"
"21.03.2016","28,85","29,32","29,50","28,77","207,75K","-1,90%"
"18.03.2016","29,41","29,10","29,48","28,87","659,59K","1,48%"
"17.03.2016","28,98","28,95","29,28","28,80","377,67K","-0,07%"
"16.03.2016","29,00","28,76","29,29","28,76","383,72K","0,42%"
"15.03.2016","28,88","29,30","29,45","28,72","259,33K","-1,74%"
"14.03.2016","29,39","29,43","29,92","29,38","187,34K","-0,51%"
"11.03.2016","29,54","29,21","29,72","28,75","299,36K","2,04%"
"10.03.2016","28,95","28,51","29,05","28,01","242,59K","1,79%"
"09.03.2016","28,44","28,53","28,88","28,21","308,90K","0,18%"
"08.03.2016","28,39","28,46","28,84","28,30","486,00K","-1,01%"
"07.03.2016","28,68","26,99","28,74","26,84","433,47K","6,14%"
"04.03.2016","27,02","26,40","27,24","25,40","1,26M","5,14%"
"03.03.2016","25,70","25,24","25,78","25,13","264,50K","1,38%"
"02.03.2016","25,35","24,94","25,39","24,62","177,33K","1,89%"
"01.03.2016","24,88","24,03","25,41","23,98","383,93K","3,54%"
"29.02.2016","24,03","24,68","25,24","22,20","701,53K","3,13%"
"26.02.2016","23,30","22,59","23,46","22,59","275,66K","3,69%"
"25.02.2016","22,47","22,61","22,66","21,80","191,96K","-0,35%"
"24.02.2016","22,55","21,90","22,67","21,50","137,59K","2,31%"
"23.02.2016","22,04","22,25","22,46","21,90","222,57K","-1,08%"
"22.02.2016","22,28","22,02","22,48","21,91","162,09K","1,87%"
"19.02.2016","21,87","21,56","21,91","21,09","127,45K","0,83%"
"18.02.2016","21,69","21,82","21,94","21,01","187,16K","-0,14%"
"17.02.2016","21,72","22,60","23,01","21,70","273,18K","-3,17%"
"16.02.2016","22,43","20,65","22,60","20,65","331,51K","9,63%"
"12.02.2016","20,46","20,89","20,89","19,69","434,62K","-1,45%"
"11.02.2016","20,76","19,73","20,80","19,51","153,25K","3,33%"
"10.02.2016","20,09","20,16","20,94","19,99","166,07K","0,15%"
"09.02.2016","20,06","19,91","20,50","19,68","170,20K","-0,94%"
"08.02.2016","20,25","20,06","20,78","19,28","333,64K","-0,10%"
"05.02.2016","20,27","21,89","21,98","20,04","412,10K","-6,20%"
"04.02.2016","21,61","21,06","21,78","21,06","253,67K","2,76%"
"03.02.2016","21,03","21,01","21,15","20,53","147,24K","0,86%"
"02.02.2016","20,85","21,07","21,19","20,44","225,45K","-2,20%"
"01.02.2016","21,32","21,66","21,66","20,99","153,82K","-2,20%"
"29.01.2016","21,80","20,70","21,80","20,69","223,59K","5,11%"
"28.01.2016","20,74","20,92","21,04","20,50","131,26K","-0,86%"
"27.01.2016","20,92","21,72","21,72","20,87","352,33K","-4,21%"
"26.01.2016","21,84","20,83","21,85","20,61","210,10K","8,71%"
"25.01.2016","20,09","20,20","20,29","19,86","128,84K","-0,54%"
"22.01.2016","20,20","20,50","20,68","20,01","203,33K","0,30%"
"21.01.2016","20,14","20,33","20,57","20,01","154,71K","-0,59%"
"20.01.2016","20,26","20,54","20,55","19,66","205,50K","-3,11%"
"19.01.2016","20,91","21,13","21,47","20,71","213,29K","-0,19%"
"15.01.2016","20,95","21,07","21,36","20,48","500,40K","-2,87%"
"14.01.2016","21,57","21,92","22,04","21,28","255,40K","-1,15%"
"13.01.2016","21,82","22,42","22,64","21,65","277,27K","-2,42%"
"12.01.2016","22,36","22,50","22,71","22,12","378,02K","0,31%"
"11.01.2016","22,29","22,45","22,84","22,24","527,06K","-0,40%"
"08.01.2016","22,38","22,75","22,98","22,30","293,73K","-1,06%"
"07.01.2016","22,62","22,71","23,07","22,45","496,93K","-2,50%"
"06.01.2016","23,20","23,03","23,86","23,03","313,48K","-1,02%"
"05.01.2016","23,44","23,25","23,82","23,01","550,59K","1,17%"
"04.01.2016","23,17","23,67","23,76","22,68","458,52K","-3,46%"